timestamp, pstate, power.management, power.draw [W], power.limit [W], power.default_limit [W], power.min_limit [W], power.max_limit [W], temperature.gpu, temperature.memory, memory.used [MiB], memory.total [MiB], memory.free [MiB], clocks.current.sm [MHz], clocks.current.memory [MHz]
2026/03/23 17:13:26.394, P0, Enabled, 64.88, 250.00, 250.00, 150.00, 250.00, 38, 38, 1, 40960, 40445, 1395, 1215
2026/03/23 17:13:27.401, P0, Enabled, 65.88, 250.00, 250.00, 150.00, 250.00, 38, 38, 1, 40960, 40445, 1395, 1215
2026/03/23 17:13:28.401, P0, Enabled, 42.41, 250.00, 250.00, 150.00, 250.00, 38, 38, 1, 40960, 40445, 255, 1215
2026/03/23 17:13:29.402, P0, Enabled, 42.23, 250.00, 250.00, 150.00, 250.00, 37, 38, 1, 40960, 40445, 210, 1215
2026/03/23 17:13:30.403, P0, Enabled, 42.21, 250.00, 250.00, 150.00, 250.00, 37, 38, 1, 40960, 40445, 210, 1215
2026/03/23 17:13:31.404, P0, Enabled, 42.05, 250.00, 250.00, 150.00, 250.00, 37, 38, 1, 40960, 40445, 210, 1215
2026/03/23 17:13:32.404, P0, Enabled, 42.04, 250.00, 250.00, 150.00, 250.00, 37, 38, 1, 40960, 40445, 210, 1215
2026/03/23 17:13:33.405, P0, Enabled, 42.12, 250.00, 250.00, 150.00, 250.00, 37, 38, 1, 40960, 40445, 210, 1215
2026/03/23 17:13:34.406, P0, Enabled, 41.83, 250.00, 250.00, 150.00, 250.00, 37, 38, 1, 40960, 40445, 210, 1215
2026/03/23 17:13:35.406, P0, Enabled, 42.02, 250.00, 250.00, 150.00, 250.00, 37, 38, 1, 40960, 40445, 210, 1215
2026/03/23 17:13:36.407, P0, Enabled, 42.03, 250.00, 250.00, 150.00, 250.00, 37, 38, 1, 40960, 40445, 210, 1215
2026/03/23 17:13:37.408, P0, Enabled, 42.15, 250.00, 250.00, 150.00, 250.00, 37, 38, 1, 40960, 40445, 210, 1215
2026/03/23 17:13:38.408, P0, Enabled, 42.14, 250.00, 250.00, 150.00, 250.00, 37, 38, 1, 40960, 40445, 210, 1215
2026/03/23 17:13:39.409, P0, Enabled, 42.16, 250.00, 250.00, 150.00, 250.00, 37, 38, 1, 40960, 40445, 210, 1215
2026/03/23 17:13:40.410, P0, Enabled, 42.24, 250.00, 250.00, 150.00, 250.00, 37, 38, 1, 40960, 40445, 210, 1215
2026/03/23 17:13:41.410, P0, Enabled, 42.24, 250.00, 250.00, 150.00, 250.00, 37, 38, 1, 40960, 40445, 210, 1215
2026/03/23 17:13:42.411, P0, Enabled, 42.03, 250.00, 250.00, 150.00, 250.00, 37, 38, 1, 40960, 40445, 210, 1215
2026/03/23 17:13:43.412, P0, Enabled, 42.09, 250.00, 250.00, 150.00, 250.00, 37, 38, 1, 40960, 40445, 210, 1215
2026/03/23 17:13:44.413, P0, Enabled, 42.06, 250.00, 250.00, 150.00, 250.00, 37, 38, 1, 40960, 40445, 210, 1215
2026/03/23 17:13:45.413, P0, Enabled, 41.95, 250.00, 250.00, 150.00, 250.00, 37, 38, 1, 40960, 40445, 210, 1215
2026/03/23 17:13:46.414, P0, Enabled, 42.16, 250.00, 250.00, 150.00, 250.00, 37, 38, 1, 40960, 40445, 210, 1215
2026/03/23 17:13:47.415, P0, Enabled, 42.04, 250.00, 250.00, 150.00, 250.00, 37, 38, 1, 40960, 40445, 210, 1215
2026/03/23 17:13:48.415, P0, Enabled, 42.05, 250.00, 250.00, 150.00, 250.00, 37, 38, 1, 40960, 40445, 210, 1215
2026/03/23 17:13:49.416, P0, Enabled, 42.06, 250.00, 250.00, 150.00, 250.00, 37, 38, 1, 40960, 40445, 210, 1215
2026/03/23 17:13:50.417, P0, Enabled, 42.06, 250.00, 250.00, 150.00, 250.00, 37, 38, 1, 40960, 40445, 210, 1215
2026/03/23 17:13:51.418, P0, Enabled, 42.17, 250.00, 250.00, 150.00, 250.00, 37, 38, 1, 40960, 40445, 210, 1215
2026/03/23 17:13:52.419, P0, Enabled, 42.04, 250.00, 250.00, 150.00, 250.00, 37, 38, 1, 40960, 40445, 210, 1215
2026/03/23 17:13:53.419, P0, Enabled, 41.96, 250.00, 250.00, 150.00, 250.00, 37, 38, 1, 40960, 40445, 210, 1215
2026/03/23 17:13:54.420, P0, Enabled, 41.97, 250.00, 250.00, 150.00, 250.00, 37, 38, 1, 40960, 40445, 210, 1215
2026/03/23 17:13:55.421, P0, Enabled, 42.16, 250.00, 250.00, 150.00, 250.00, 37, 38, 1, 40960, 40445, 210, 1215
2026/03/23 17:13:56.421, P0, Enabled, 42.06, 250.00, 250.00, 150.00, 250.00, 37, 38, 1, 40960, 40445, 210, 1215
2026/03/23 17:13:57.422, P0, Enabled, 42.04, 250.00, 250.00, 150.00, 250.00, 37, 38, 1, 40960, 40445, 210, 1215
2026/03/23 17:13:58.423, P0, Enabled, 42.05, 250.00, 250.00, 150.00, 250.00, 37, 38, 1, 40960, 40445, 210, 1215
2026/03/23 17:13:59.424, P0, Enabled, 42.06, 250.00, 250.00, 150.00, 250.00, 37, 38, 1, 40960, 40445, 210, 1215
2026/03/23 17:14:00.424, P0, Enabled, 42.17, 250.00, 250.00, 150.00, 250.00, 37, 38, 1, 40960, 40445, 210, 1215
2026/03/23 17:14:01.425, P0, Enabled, 42.12, 250.00, 250.00, 150.00, 250.00, 37, 38, 1, 40960, 40445, 210, 1215
2026/03/23 17:14:02.425, P0, Enabled, 42.04, 250.00, 250.00, 150.00, 250.00, 37, 38, 1, 40960, 40445, 210, 1215
2026/03/23 17:14:03.426, P0, Enabled, 42.12, 250.00, 250.00, 150.00, 250.00, 37, 38, 1, 40960, 40445, 210, 1215
2026/03/23 17:14:04.427, P0, Enabled, 42.06, 250.00, 250.00, 150.00, 250.00, 37, 38, 1, 40960, 40445, 210, 1215
2026/03/23 17:14:05.428, P0, Enabled, 42.06, 250.00, 250.00, 150.00, 250.00, 37, 38, 1, 40960, 40445, 210, 1215
2026/03/23 17:14:06.428, P0, Enabled, 42.03, 250.00, 250.00, 150.00, 250.00, 37, 38, 1, 40960, 40445, 210, 1215
2026/03/23 17:14:07.429, P0, Enabled, 42.05, 250.00, 250.00, 150.00, 250.00, 37, 38, 1, 40960, 40445, 210, 1215
2026/03/23 17:14:08.430, P0, Enabled, 42.15, 250.00, 250.00, 150.00, 250.00, 37, 38, 1, 40960, 40445, 210, 1215
2026/03/23 17:14:09.430, P0, Enabled, 42.06, 250.00, 250.00, 150.00, 250.00, 37, 38, 1, 40960, 40445, 210, 1215
2026/03/23 17:14:10.431, P0, Enabled, 42.05, 250.00, 250.00, 150.00, 250.00, 37, 38, 1, 40960, 40445, 210, 1215
2026/03/23 17:14:11.432, P0, Enabled, 42.05, 250.00, 250.00, 150.00, 250.00, 37, 38, 1, 40960, 40445, 210, 1215
2026/03/23 17:14:12.433, P0, Enabled, 42.05, 250.00, 250.00, 150.00, 250.00, 37, 38, 1, 40960, 40445, 210, 1215
2026/03/23 17:14:13.433, P0, Enabled, 42.06, 250.00, 250.00, 150.00, 250.00, 37, 38, 1, 40960, 40445, 210, 1215
2026/03/23 17:14:14.434, P0, Enabled, 42.15, 250.00, 250.00, 150.00, 250.00, 37, 38, 1, 40960, 40445, 210, 1215
2026/03/23 17:14:15.435, P0, Enabled, 41.97, 250.00, 250.00, 150.00, 250.00, 37, 38, 1, 40960, 40445, 210, 1215
2026/03/23 17:14:16.435, P0, Enabled, 42.15, 250.00, 250.00, 150.00, 250.00, 37, 38, 1, 40960, 40445, 210, 1215
2026/03/23 17:14:17.436, P0, Enabled, 42.06, 250.00, 250.00, 150.00, 250.00, 37, 38, 1, 40960, 40445, 210, 1215
2026/03/23 17:14:18.437, P0, Enabled, 41.96, 250.00, 250.00, 150.00, 250.00, 37, 38, 1, 40960, 40445, 210, 1215
2026/03/23 17:14:19.438, P0, Enabled, 42.01, 250.00, 250.00, 150.00, 250.00, 37, 38, 1, 40960, 40445, 210, 1215
2026/03/23 17:14:20.438, P0, Enabled, 41.94, 250.00, 250.00, 150.00, 250.00, 37, 38, 1, 40960, 40445, 210, 1215
2026/03/23 17:14:21.439, P0, Enabled, 42.13, 250.00, 250.00, 150.00, 250.00, 37, 38, 1, 40960, 40445, 210, 1215
2026/03/23 17:14:22.440, P0, Enabled, 42.15, 250.00, 250.00, 150.00, 250.00, 37, 38, 1, 40960, 40445, 210, 1215
2026/03/23 17:14:23.441, P0, Enabled, 42.11, 250.00, 250.00, 150.00, 250.00, 37, 38, 1, 40960, 40445, 210, 1215
2026/03/23 17:14:24.441, P0, Enabled, 42.15, 250.00, 250.00, 150.00, 250.00, 37, 38, 1, 40960, 40445, 210, 1215
2026/03/23 17:14:25.442, P0, Enabled, 42.15, 250.00, 250.00, 150.00, 250.00, 37, 38, 1, 40960, 40445, 210, 1215
2026/03/23 17:14:26.443, P0, Enabled, 42.15, 250.00, 250.00, 150.00, 250.00, 37, 38, 1, 40960, 40445, 210, 1215
2026/03/23 17:14:27.444, P0, Enabled, 42.15, 250.00, 250.00, 150.00, 250.00, 37, 38, 1, 40960, 40445, 210, 1215
2026/03/23 17:14:28.444, P0, Enabled, 42.06, 250.00, 250.00, 150.00, 250.00, 37, 38, 1, 40960, 40445, 210, 1215
2026/03/23 17:14:29.445, P0, Enabled, 42.04, 250.00, 250.00, 150.00, 250.00, 37, 38, 1, 40960, 40445, 210, 1215
2026/03/23 17:14:30.446, P0, Enabled, 42.15, 250.00, 250.00, 150.00, 250.00, 37, 38, 1, 40960, 40445, 210, 1215
2026/03/23 17:14:31.447, P0, Enabled, 41.94, 250.00, 250.00, 150.00, 250.00, 37, 38, 1, 40960, 40445, 210, 1215
2026/03/23 17:14:32.447, P0, Enabled, 41.95, 250.00, 250.00, 150.00, 250.00, 37, 38, 1, 40960, 40445, 210, 1215
2026/03/23 17:14:33.448, P0, Enabled, 41.97, 250.00, 250.00, 150.00, 250.00, 37, 38, 1, 40960, 40445, 210, 1215
2026/03/23 17:14:34.449, P0, Enabled, 42.06, 250.00, 250.00, 150.00, 250.00, 37, 38, 1, 40960, 40445, 210, 1215
2026/03/23 17:14:35.450, P0, Enabled, 42.05, 250.00, 250.00, 150.00, 250.00, 37, 38, 1, 40960, 40445, 210, 1215
2026/03/23 17:14:36.450, P0, Enabled, 42.03, 250.00, 250.00, 150.00, 250.00, 37, 38, 1, 40960, 40445, 210, 1215
2026/03/23 17:14:37.453, P0, Enabled, 42.05, 250.00, 250.00, 150.00, 250.00, 37, 38, 1, 40960, 40445, 210, 1215
2026/03/23 17:14:38.454, P0, Enabled, 42.15, 250.00, 250.00, 150.00, 250.00, 37, 38, 1, 40960, 40445, 210, 1215
2026/03/23 17:14:39.455, P0, Enabled, 42.03, 250.00, 250.00, 150.00, 250.00, 37, 38, 1, 40960, 40445, 210, 1215
2026/03/23 17:14:40.455, P0, Enabled, 42.05, 250.00, 250.00, 150.00, 250.00, 37, 38, 1, 40960, 40445, 210, 1215
2026/03/23 17:14:41.456, P0, Enabled, 42.15, 250.00, 250.00, 150.00, 250.00, 37, 38, 1, 40960, 40445, 210, 1215
2026/03/23 17:14:42.457, P0, Enabled, 41.95, 250.00, 250.00, 150.00, 250.00, 37, 38, 1, 40960, 40445, 210, 1215
2026/03/23 17:14:43.458, P0, Enabled, 42.12, 250.00, 250.00, 150.00, 250.00, 37, 38, 1, 40960, 40445, 210, 1215
2026/03/23 17:14:44.458, P0, Enabled, 42.13, 250.00, 250.00, 150.00, 250.00, 37, 38, 1, 40960, 40445, 210, 1215
2026/03/23 17:14:45.459, P0, Enabled, 42.15, 250.00, 250.00, 150.00, 250.00, 37, 38, 1, 40960, 40445, 210, 1215
2026/03/23 17:14:46.460, P0, Enabled, 42.04, 250.00, 250.00, 150.00, 250.00, 37, 38, 1, 40960, 40445, 210, 1215
2026/03/23 17:14:47.461, P0, Enabled, 42.15, 250.00, 250.00, 150.00, 250.00, 37, 38, 1, 40960, 40445, 210, 1215
2026/03/23 17:14:48.461, P0, Enabled, 42.17, 250.00, 250.00, 150.00, 250.00, 37, 38, 1, 40960, 40445, 210, 1215
2026/03/23 17:14:49.462, P0, Enabled, 42.05, 250.00, 250.00, 150.00, 250.00, 37, 38, 1, 40960, 40445, 210, 1215
2026/03/23 17:14:50.463, P0, Enabled, 42.05, 250.00, 250.00, 150.00, 250.00, 37, 38, 1, 40960, 40445, 210, 1215
2026/03/23 17:14:51.464, P0, Enabled, 42.15, 250.00, 250.00, 150.00, 250.00, 37, 38, 1, 40960, 40445, 210, 1215
2026/03/23 17:14:52.464, P0, Enabled, 42.16, 250.00, 250.00, 150.00, 250.00, 37, 38, 1, 40960, 40445, 210, 1215
2026/03/23 17:14:53.465, P0, Enabled, 42.25, 250.00, 250.00, 150.00, 250.00, 37, 38, 1, 40960, 40445, 210, 1215
2026/03/23 17:14:54.466, P0, Enabled, 42.16, 250.00, 250.00, 150.00, 250.00, 37, 38, 1, 40960, 40445, 210, 1215
2026/03/23 17:14:55.467, P0, Enabled, 42.04, 250.00, 250.00, 150.00, 250.00, 37, 38, 1, 40960, 40445, 210, 1215
2026/03/23 17:14:56.467, P0, Enabled, 42.05, 250.00, 250.00, 150.00, 250.00, 37, 38, 1, 40960, 40445, 210, 1215
2026/03/23 17:14:57.468, P0, Enabled, 42.13, 250.00, 250.00, 150.00, 250.00, 38, 38, 1, 40960, 40445, 210, 1215
2026/03/23 17:14:58.469, P0, Enabled, 42.15, 250.00, 250.00, 150.00, 250.00, 37, 38, 1, 40960, 40445, 210, 1215
2026/03/23 17:14:59.470, P0, Enabled, 42.24, 250.00, 250.00, 150.00, 250.00, 37, 38, 1, 40960, 40445, 210, 1215
2026/03/23 17:15:00.470, P0, Enabled, 42.22, 250.00, 250.00, 150.00, 250.00, 37, 38, 1, 40960, 40445, 210, 1215
2026/03/23 17:15:01.471, P0, Enabled, 42.16, 250.00, 250.00, 150.00, 250.00, 37, 38, 1, 40960, 40445, 210, 1215
2026/03/23 17:15:02.472, P0, Enabled, 42.13, 250.00, 250.00, 150.00, 250.00, 38, 38, 1, 40960, 40445, 210, 1215
2026/03/23 17:15:03.473, P0, Enabled, 42.13, 250.00, 250.00, 150.00, 250.00, 38, 38, 1, 40960, 40445, 210, 1215
2026/03/23 17:15:04.473, P0, Enabled, 42.25, 250.00, 250.00, 150.00, 250.00, 38, 38, 1, 40960, 40445, 210, 1215
2026/03/23 17:15:05.474, P0, Enabled, 42.13, 250.00, 250.00, 150.00, 250.00, 38, 38, 1, 40960, 40445, 210, 1215
2026/03/23 17:15:06.475, P0, Enabled, 42.10, 250.00, 250.00, 150.00, 250.00, 38, 38, 1, 40960, 40445, 210, 1215
2026/03/23 17:15:07.475, P0, Enabled, 42.01, 250.00, 250.00, 150.00, 250.00, 38, 38, 1, 40960, 40445, 210, 1215
2026/03/23 17:15:08.476, P0, Enabled, 42.12, 250.00, 250.00, 150.00, 250.00, 38, 38, 1, 40960, 40445, 210, 1215
2026/03/23 17:15:09.477, P0, Enabled, 42.13, 250.00, 250.00, 150.00, 250.00, 38, 38, 1, 40960, 40445, 210, 1215
2026/03/23 17:15:10.478, P0, Enabled, 42.16, 250.00, 250.00, 150.00, 250.00, 38, 38, 1, 40960, 40445, 210, 1215
2026/03/23 17:15:11.478, P0, Enabled, 42.13, 250.00, 250.00, 150.00, 250.00, 38, 38, 1, 40960, 40445, 210, 1215
2026/03/23 17:15:12.479, P0, Enabled, 42.05, 250.00, 250.00, 150.00, 250.00, 37, 38, 1, 40960, 40445, 210, 1215
2026/03/23 17:15:13.480, P0, Enabled, 42.15, 250.00, 250.00, 150.00, 250.00, 37, 38, 1, 40960, 40445, 210, 1215
2026/03/23 17:15:14.481, P0, Enabled, 42.13, 250.00, 250.00, 150.00, 250.00, 37, 38, 1, 40960, 40445, 210, 1215
2026/03/23 17:15:15.481, P0, Enabled, 42.03, 250.00, 250.00, 150.00, 250.00, 37, 38, 1, 40960, 40445, 210, 1215
2026/03/23 17:15:16.482, P0, Enabled, 41.95, 250.00, 250.00, 150.00, 250.00, 37, 38, 1, 40960, 40445, 210, 1215
2026/03/23 17:15:17.483, P0, Enabled, 42.04, 250.00, 250.00, 150.00, 250.00, 37, 38, 1, 40960, 40445, 210, 1215
2026/03/23 17:15:18.483, P0, Enabled, 42.03, 250.00, 250.00, 150.00, 250.00, 37, 38, 1, 40960, 40445, 210, 1215
2026/03/23 17:15:19.484, P0, Enabled, 42.12, 250.00, 250.00, 150.00, 250.00, 37, 38, 1, 40960, 40445, 210, 1215
2026/03/23 17:15:20.485, P0, Enabled, 41.91, 250.00, 250.00, 150.00, 250.00, 37, 38, 1, 40960, 40445, 210, 1215
2026/03/23 17:15:21.485, P0, Enabled, 42.06, 250.00, 250.00, 150.00, 250.00, 37, 38, 1, 40960, 40445, 210, 1215
2026/03/23 17:15:22.486, P0, Enabled, 42.07, 250.00, 250.00, 150.00, 250.00, 37, 38, 1, 40960, 40445, 210, 1215
2026/03/23 17:15:23.487, P0, Enabled, 41.97, 250.00, 250.00, 150.00, 250.00, 37, 38, 1, 40960, 40445, 210, 1215
2026/03/23 17:15:24.488, P0, Enabled, 42.05, 250.00, 250.00, 150.00, 250.00, 37, 38, 1, 40960, 40445, 210, 1215
2026/03/23 17:15:25.488, P0, Enabled, 42.20, 250.00, 250.00, 150.00, 250.00, 37, 38, 1, 40960, 40445, 210, 1215
2026/03/23 17:15:26.489, P0, Enabled, 42.15, 250.00, 250.00, 150.00, 250.00, 37, 38, 1, 40960, 40445, 210, 1215
2026/03/23 17:15:27.490, P0, Enabled, 42.21, 250.00, 250.00, 150.00, 250.00, 37, 38, 1, 40960, 40445, 210, 1215
2026/03/23 17:15:28.490, P0, Enabled, 42.13, 250.00, 250.00, 150.00, 250.00, 37, 38, 1, 40960, 40445, 210, 1215
2026/03/23 17:15:29.491, P0, Enabled, 42.05, 250.00, 250.00, 150.00, 250.00, 37, 38, 1, 40960, 40445, 210, 1215
2026/03/23 17:15:30.492, P0, Enabled, 42.05, 250.00, 250.00, 150.00, 250.00, 37, 38, 1, 40960, 40445, 210, 1215
2026/03/23 17:15:31.493, P0, Enabled, 42.05, 250.00, 250.00, 150.00, 250.00, 37, 38, 1, 40960, 40445, 210, 1215
2026/03/23 17:15:32.493, P0, Enabled, 42.05, 250.00, 250.00, 150.00, 250.00, 37, 38, 1, 40960, 40445, 210, 1215
2026/03/23 17:15:33.494, P0, Enabled, 42.06, 250.00, 250.00, 150.00, 250.00, 37, 38, 1, 40960, 40445, 210, 1215
2026/03/23 17:15:34.495, P0, Enabled, 42.05, 250.00, 250.00, 150.00, 250.00, 37, 38, 1, 40960, 40445, 210, 1215
2026/03/23 17:15:35.495, P0, Enabled, 41.95, 250.00, 250.00, 150.00, 250.00, 37, 38, 1, 40960, 40445, 210, 1215
2026/03/23 17:15:36.496, P0, Enabled, 42.02, 250.00, 250.00, 150.00, 250.00, 37, 38, 1, 40960, 40445, 210, 1215
2026/03/23 17:15:37.497, P0, Enabled, 42.14, 250.00, 250.00, 150.00, 250.00, 37, 38, 1, 40960, 40445, 210, 1215
2026/03/23 17:15:38.498, P0, Enabled, 41.93, 250.00, 250.00, 150.00, 250.00, 37, 38, 1, 40960, 40445, 210, 1215
2026/03/23 17:15:39.499, P0, Enabled, 42.15, 250.00, 250.00, 150.00, 250.00, 37, 38, 1, 40960, 40445, 210, 1215
2026/03/23 17:15:40.499, P0, Enabled, 42.05, 250.00, 250.00, 150.00, 250.00, 37, 38, 1, 40960, 40445, 210, 1215
2026/03/23 17:15:41.500, P0, Enabled, 42.16, 250.00, 250.00, 150.00, 250.00, 37, 38, 1, 40960, 40445, 210, 1215
2026/03/23 17:15:42.501, P0, Enabled, 42.06, 250.00, 250.00, 150.00, 250.00, 37, 38, 1, 40960, 40445, 210, 1215
2026/03/23 17:15:43.501, P0, Enabled, 42.04, 250.00, 250.00, 150.00, 250.00, 37, 38, 1, 40960, 40445, 210, 1215
2026/03/23 17:15:44.502, P0, Enabled, 42.05, 250.00, 250.00, 150.00, 250.00, 37, 38, 1, 40960, 40445, 210, 1215
2026/03/23 17:15:45.503, P0, Enabled, 42.05, 250.00, 250.00, 150.00, 250.00, 37, 38, 1, 40960, 40445, 210, 1215
2026/03/23 17:15:46.503, P0, Enabled, 42.05, 250.00, 250.00, 150.00, 250.00, 37, 38, 1, 40960, 40445, 210, 1215
2026/03/23 17:15:47.504, P0, Enabled, 42.06, 250.00, 250.00, 150.00, 250.00, 37, 38, 1, 40960, 40445, 210, 1215
2026/03/23 17:15:48.505, P0, Enabled, 42.15, 250.00, 250.00, 150.00, 250.00, 37, 38, 1, 40960, 40445, 210, 1215
2026/03/23 17:15:49.506, P0, Enabled, 42.15, 250.00, 250.00, 150.00, 250.00, 37, 38, 1, 40960, 40445, 210, 1215
2026/03/23 17:15:50.506, P0, Enabled, 42.04, 250.00, 250.00, 150.00, 250.00, 37, 38, 1, 40960, 40445, 210, 1215
2026/03/23 17:15:51.507, P0, Enabled, 42.15, 250.00, 250.00, 150.00, 250.00, 37, 38, 1, 40960, 40445, 210, 1215
2026/03/23 17:15:52.508, P0, Enabled, 42.25, 250.00, 250.00, 150.00, 250.00, 37, 38, 1, 40960, 40445, 210, 1215
2026/03/23 17:15:53.508, P0, Enabled, 42.03, 250.00, 250.00, 150.00, 250.00, 37, 38, 1, 40960, 40445, 210, 1215
2026/03/23 17:15:54.509, P0, Enabled, 42.15, 250.00, 250.00, 150.00, 250.00, 37, 38, 1, 40960, 40445, 210, 1215
2026/03/23 17:15:55.510, P0, Enabled, 42.04, 250.00, 250.00, 150.00, 250.00, 37, 38, 1, 40960, 40445, 210, 1215
2026/03/23 17:15:56.510, P0, Enabled, 42.12, 250.00, 250.00, 150.00, 250.00, 37, 38, 1, 40960, 40445, 210, 1215
2026/03/23 17:15:57.511, P0, Enabled, 42.03, 250.00, 250.00, 150.00, 250.00, 37, 38, 1, 40960, 40445, 210, 1215
2026/03/23 17:15:58.512, P0, Enabled, 42.05, 250.00, 250.00, 150.00, 250.00, 37, 38, 1, 40960, 40445, 210, 1215
2026/03/23 17:15:59.512, P0, Enabled, 42.05, 250.00, 250.00, 150.00, 250.00, 37, 38, 1, 40960, 40445, 210, 1215
2026/03/23 17:16:00.513, P0, Enabled, 42.05, 250.00, 250.00, 150.00, 250.00, 37, 38, 1, 40960, 40445, 210, 1215
2026/03/23 17:16:01.514, P0, Enabled, 42.03, 250.00, 250.00, 150.00, 250.00, 37, 38, 1, 40960, 40445, 210, 1215
2026/03/23 17:16:02.514, P0, Enabled, 42.05, 250.00, 250.00, 150.00, 250.00, 37, 38, 1, 40960, 40445, 210, 1215
2026/03/23 17:16:03.515, P0, Enabled, 42.15, 250.00, 250.00, 150.00, 250.00, 37, 38, 1, 40960, 40445, 210, 1215
2026/03/23 17:16:04.516, P0, Enabled, 41.95, 250.00, 250.00, 150.00, 250.00, 37, 38, 1, 40960, 40445, 210, 1215
2026/03/23 17:16:05.517, P0, Enabled, 42.25, 250.00, 250.00, 150.00, 250.00, 37, 38, 1, 40960, 40445, 210, 1215
2026/03/23 17:16:06.517, P0, Enabled, 41.87, 250.00, 250.00, 150.00, 250.00, 37, 38, 1, 40960, 40445, 210, 1215
2026/03/23 17:16:07.518, P0, Enabled, 42.05, 250.00, 250.00, 150.00, 250.00, 37, 38, 1, 40960, 40445, 210, 1215
2026/03/23 17:16:08.519, P0, Enabled, 41.97, 250.00, 250.00, 150.00, 250.00, 37, 38, 1, 40960, 40445, 210, 1215
2026/03/23 17:16:09.519, P0, Enabled, 41.96, 250.00, 250.00, 150.00, 250.00, 37, 38, 1, 40960, 40445, 210, 1215
2026/03/23 17:16:10.520, P0, Enabled, 42.15, 250.00, 250.00, 150.00, 250.00, 37, 38, 1, 40960, 40445, 210, 1215
2026/03/23 17:16:11.521, P0, Enabled, 42.16, 250.00, 250.00, 150.00, 250.00, 37, 38, 1, 40960, 40445, 210, 1215
2026/03/23 17:16:12.522, P0, Enabled, 42.12, 250.00, 250.00, 150.00, 250.00, 37, 38, 1, 40960, 40445, 210, 1215
2026/03/23 17:16:13.522, P0, Enabled, 42.16, 250.00, 250.00, 150.00, 250.00, 37, 38, 1, 40960, 40445, 210, 1215
2026/03/23 17:16:14.523, P0, Enabled, 42.04, 250.00, 250.00, 150.00, 250.00, 37, 38, 1, 40960, 40445, 210, 1215
2026/03/23 17:16:15.524, P0, Enabled, 42.03, 250.00, 250.00, 150.00, 250.00, 37, 38, 1, 40960, 40445, 210, 1215
2026/03/23 17:16:16.525, P0, Enabled, 42.01, 250.00, 250.00, 150.00, 250.00, 37, 38, 1, 40960, 40445, 210, 1215
2026/03/23 17:16:17.525, P0, Enabled, 41.94, 250.00, 250.00, 150.00, 250.00, 37, 38, 1, 40960, 40445, 210, 1215
2026/03/23 17:16:18.526, P0, Enabled, 42.13, 250.00, 250.00, 150.00, 250.00, 37, 38, 1, 40960, 40445, 210, 1215
2026/03/23 17:16:19.527, P0, Enabled, 42.14, 250.00, 250.00, 150.00, 250.00, 37, 38, 1, 40960, 40445, 210, 1215
2026/03/23 17:16:20.528, P0, Enabled, 41.95, 250.00, 250.00, 150.00, 250.00, 37, 38, 1, 40960, 40445, 210, 1215
2026/03/23 17:16:21.528, P0, Enabled, 42.03, 250.00, 250.00, 150.00, 250.00, 37, 38, 1, 40960, 40445, 210, 1215
2026/03/23 17:16:22.529, P0, Enabled, 41.97, 250.00, 250.00, 150.00, 250.00, 37, 38, 1, 40960, 40445, 210, 1215
2026/03/23 17:16:23.530, P0, Enabled, 42.05, 250.00, 250.00, 150.00, 250.00, 37, 38, 1, 40960, 40445, 210, 1215
2026/03/23 17:16:24.531, P0, Enabled, 42.15, 250.00, 250.00, 150.00, 250.00, 37, 38, 1, 40960, 40445, 210, 1215
2026/03/23 17:16:25.531, P0, Enabled, 42.03, 250.00, 250.00, 150.00, 250.00, 37, 38, 1, 40960, 40445, 210, 1215
2026/03/23 17:16:26.532, P0, Enabled, 42.06, 250.00, 250.00, 150.00, 250.00, 37, 38, 1, 40960, 40445, 210, 1215
2026/03/23 17:16:27.532, P0, Enabled, 42.06, 250.00, 250.00, 150.00, 250.00, 37, 38, 1, 40960, 40445, 210, 1215
2026/03/23 17:16:28.533, P0, Enabled, 42.06, 250.00, 250.00, 150.00, 250.00, 37, 38, 1, 40960, 40445, 210, 1215
2026/03/23 17:16:29.534, P0, Enabled, 42.07, 250.00, 250.00, 150.00, 250.00, 37, 38, 1, 40960, 40445, 210, 1215
2026/03/23 17:16:30.535, P0, Enabled, 42.05, 250.00, 250.00, 150.00, 250.00, 37, 38, 1, 40960, 40445, 210, 1215
2026/03/23 17:16:31.536, P0, Enabled, 42.16, 250.00, 250.00, 150.00, 250.00, 37, 38, 1, 40960, 40445, 210, 1215
2026/03/23 17:16:32.536, P0, Enabled, 42.16, 250.00, 250.00, 150.00, 250.00, 37, 38, 1, 40960, 40445, 210, 1215
2026/03/23 17:16:33.537, P0, Enabled, 42.03, 250.00, 250.00, 150.00, 250.00, 37, 38, 1, 40960, 40445, 210, 1215
2026/03/23 17:16:34.538, P0, Enabled, 42.04, 250.00, 250.00, 150.00, 250.00, 37, 38, 1, 40960, 40445, 210, 1215
2026/03/23 17:16:35.538, P0, Enabled, 42.13, 250.00, 250.00, 150.00, 250.00, 37, 38, 1, 40960, 40445, 210, 1215
2026/03/23 17:16:36.539, P0, Enabled, 42.01, 250.00, 250.00, 150.00, 250.00, 37, 38, 1, 40960, 40445, 210, 1215
2026/03/23 17:16:37.540, P0, Enabled, 42.04, 250.00, 250.00, 150.00, 250.00, 37, 38, 1, 40960, 40445, 210, 1215
2026/03/23 17:16:38.540, P0, Enabled, 42.12, 250.00, 250.00, 150.00, 250.00, 37, 38, 1, 40960, 40445, 210, 1215
2026/03/23 17:16:39.541, P0, Enabled, 42.16, 250.00, 250.00, 150.00, 250.00, 37, 38, 1, 40960, 40445, 210, 1215
2026/03/23 17:16:40.542, P0, Enabled, 42.14, 250.00, 250.00, 150.00, 250.00, 37, 38, 1, 40960, 40445, 210, 1215
2026/03/23 17:16:41.543, P0, Enabled, 42.15, 250.00, 250.00, 150.00, 250.00, 37, 38, 1, 40960, 40445, 210, 1215
2026/03/23 17:16:42.543, P0, Enabled, 42.15, 250.00, 250.00, 150.00, 250.00, 37, 38, 1, 40960, 40445, 210, 1215
2026/03/23 17:16:43.544, P0, Enabled, 42.05, 250.00, 250.00, 150.00, 250.00, 37, 38, 1, 40960, 40445, 210, 1215
2026/03/23 17:16:44.545, P0, Enabled, 42.15, 250.00, 250.00, 150.00, 250.00, 37, 38, 1, 40960, 40445, 210, 1215
2026/03/23 17:16:45.545, P0, Enabled, 42.16, 250.00, 250.00, 150.00, 250.00, 38, 38, 1, 40960, 40445, 210, 1215
2026/03/23 17:16:46.546, P0, Enabled, 42.15, 250.00, 250.00, 150.00, 250.00, 38, 38, 1, 40960, 40445, 210, 1215
2026/03/23 17:16:47.547, P0, Enabled, 42.06, 250.00, 250.00, 150.00, 250.00, 38, 38, 1, 40960, 40445, 210, 1215
2026/03/23 17:16:48.547, P0, Enabled, 42.17, 250.00, 250.00, 150.00, 250.00, 38, 38, 1, 40960, 40445, 210, 1215
2026/03/23 17:16:49.548, P0, Enabled, 42.04, 250.00, 250.00, 150.00, 250.00, 38, 38, 1, 40960, 40445, 210, 1215
2026/03/23 17:16:50.549, P0, Enabled, 42.06, 250.00, 250.00, 150.00, 250.00, 38, 38, 1, 40960, 40445, 210, 1215
2026/03/23 17:16:51.549, P0, Enabled, 42.24, 250.00, 250.00, 150.00, 250.00, 38, 38, 1, 40960, 40445, 210, 1215
2026/03/23 17:16:52.550, P0, Enabled, 42.05, 250.00, 250.00, 150.00, 250.00, 38, 38, 1, 40960, 40445, 210, 1215
2026/03/23 17:16:53.551, P0, Enabled, 42.04, 250.00, 250.00, 150.00, 250.00, 38, 38, 1, 40960, 40445, 210, 1215
2026/03/23 17:16:54.552, P0, Enabled, 42.11, 250.00, 250.00, 150.00, 250.00, 38, 38, 1, 40960, 40445, 210, 1215
2026/03/23 17:16:55.552, P0, Enabled, 42.13, 250.00, 250.00, 150.00, 250.00, 38, 38, 1, 40960, 40445, 210, 1215
2026/03/23 17:16:56.553, P0, Enabled, 42.25, 250.00, 250.00, 150.00, 250.00, 38, 38, 1, 40960, 40445, 210, 1215
2026/03/23 17:16:57.554, P0, Enabled, 42.12, 250.00, 250.00, 150.00, 250.00, 38, 38, 1, 40960, 40445, 210, 1215
2026/03/23 17:16:58.555, P0, Enabled, 42.12, 250.00, 250.00, 150.00, 250.00, 38, 38, 1, 40960, 40445, 210, 1215
2026/03/23 17:16:59.556, P0, Enabled, 42.15, 250.00, 250.00, 150.00, 250.00, 38, 38, 1, 40960, 40445, 210, 1215
2026/03/23 17:17:00.556, P0, Enabled, 42.23, 250.00, 250.00, 150.00, 250.00, 38, 38, 1, 40960, 40445, 210, 1215
2026/03/23 17:17:01.557, P0, Enabled, 42.15, 250.00, 250.00, 150.00, 250.00, 38, 38, 1, 40960, 40445, 210, 1215
2026/03/23 17:17:02.558, P0, Enabled, 42.06, 250.00, 250.00, 150.00, 250.00, 38, 38, 1, 40960, 40445, 210, 1215
2026/03/23 17:17:03.558, P0, Enabled, 42.15, 250.00, 250.00, 150.00, 250.00, 38, 38, 1, 40960, 40445, 210, 1215
2026/03/23 17:17:04.559, P0, Enabled, 42.26, 250.00, 250.00, 150.00, 250.00, 38, 38, 1, 40960, 40445, 210, 1215
2026/03/23 17:17:05.560, P0, Enabled, 42.24, 250.00, 250.00, 150.00, 250.00, 38, 38, 1, 40960, 40445, 210, 1215
2026/03/23 17:17:06.561, P0, Enabled, 42.24, 250.00, 250.00, 150.00, 250.00, 38, 38, 1, 40960, 40445, 210, 1215
2026/03/23 17:17:07.561, P0, Enabled, 42.16, 250.00, 250.00, 150.00, 250.00, 38, 38, 1, 40960, 40445, 210, 1215
2026/03/23 17:17:08.562, P0, Enabled, 42.26, 250.00, 250.00, 150.00, 250.00, 38, 38, 1, 40960, 40445, 210, 1215
2026/03/23 17:17:09.563, P0, Enabled, 42.25, 250.00, 250.00, 150.00, 250.00, 38, 38, 1, 40960, 40445, 210, 1215
2026/03/23 17:17:10.563, P0, Enabled, 42.26, 250.00, 250.00, 150.00, 250.00, 38, 38, 1, 40960, 40445, 210, 1215
2026/03/23 17:17:11.564, P0, Enabled, 42.04, 250.00, 250.00, 150.00, 250.00, 38, 38, 1, 40960, 40445, 210, 1215
2026/03/23 17:17:12.565, P0, Enabled, 42.23, 250.00, 250.00, 150.00, 250.00, 38, 38, 1, 40960, 40445, 210, 1215
2026/03/23 17:17:13.566, P0, Enabled, 42.22, 250.00, 250.00, 150.00, 250.00, 38, 38, 1, 40960, 40445, 210, 1215
2026/03/23 17:17:14.567, P0, Enabled, 42.13, 250.00, 250.00, 150.00, 250.00, 38, 38, 1, 40960, 40445, 210, 1215
2026/03/23 17:17:15.567, P0, Enabled, 42.06, 250.00, 250.00, 150.00, 250.00, 38, 38, 1, 40960, 40445, 210, 1215
2026/03/23 17:17:16.568, P0, Enabled, 42.13, 250.00, 250.00, 150.00, 250.00, 38, 38, 1, 40960, 40445, 210, 1215
2026/03/23 17:17:17.569, P0, Enabled, 42.15, 250.00, 250.00, 150.00, 250.00, 38, 38, 1, 40960, 40445, 210, 1215
2026/03/23 17:17:18.569, P0, Enabled, 42.16, 250.00, 250.00, 150.00, 250.00, 38, 38, 1, 40960, 40445, 210, 1215
2026/03/23 17:17:19.570, P0, Enabled, 42.25, 250.00, 250.00, 150.00, 250.00, 38, 38, 1, 40960, 40445, 210, 1215
2026/03/23 17:17:20.571, P0, Enabled, 42.13, 250.00, 250.00, 150.00, 250.00, 38, 38, 1, 40960, 40445, 210, 1215
2026/03/23 17:17:21.571, P0, Enabled, 42.13, 250.00, 250.00, 150.00, 250.00, 38, 38, 1, 40960, 40445, 210, 1215
2026/03/23 17:17:22.572, P0, Enabled, 41.97, 250.00, 250.00, 150.00, 250.00, 38, 38, 1, 40960, 40445, 210, 1215
2026/03/23 17:17:23.573, P0, Enabled, 42.05, 250.00, 250.00, 150.00, 250.00, 38, 38, 1, 40960, 40445, 210, 1215
2026/03/23 17:17:24.574, P0, Enabled, 42.16, 250.00, 250.00, 150.00, 250.00, 38, 38, 1, 40960, 40445, 210, 1215
2026/03/23 17:17:25.574, P0, Enabled, 42.15, 250.00, 250.00, 150.00, 250.00, 38, 38, 1, 40960, 40445, 210, 1215
2026/03/23 17:17:26.575, P0, Enabled, 42.06, 250.00, 250.00, 150.00, 250.00, 38, 38, 1, 40960, 40445, 210, 1215
2026/03/23 17:17:27.576, P0, Enabled, 42.16, 250.00, 250.00, 150.00, 250.00, 38, 38, 1, 40960, 40445, 210, 1215
2026/03/23 17:17:28.576, P0, Enabled, 42.15, 250.00, 250.00, 150.00, 250.00, 38, 38, 1, 40960, 40445, 210, 1215
2026/03/23 17:17:29.577, P0, Enabled, 42.16, 250.00, 250.00, 150.00, 250.00, 38, 38, 1, 40960, 40445, 210, 1215
2026/03/23 17:17:30.578, P0, Enabled, 42.25, 250.00, 250.00, 150.00, 250.00, 38, 38, 1, 40960, 40445, 210, 1215
2026/03/23 17:17:31.578, P0, Enabled, 42.25, 250.00, 250.00, 150.00, 250.00, 38, 38, 1, 40960, 40445, 210, 1215
2026/03/23 17:17:32.579, P0, Enabled, 42.13, 250.00, 250.00, 150.00, 250.00, 38, 38, 1, 40960, 40445, 210, 1215
2026/03/23 17:17:33.580, P0, Enabled, 42.13, 250.00, 250.00, 150.00, 250.00, 38, 38, 1, 40960, 40445, 210, 1215
2026/03/23 17:17:34.581, P0, Enabled, 42.04, 250.00, 250.00, 150.00, 250.00, 38, 38, 1, 40960, 40445, 210, 1215
2026/03/23 17:17:35.582, P0, Enabled, 42.24, 250.00, 250.00, 150.00, 250.00, 38, 38, 1, 40960, 40445, 210, 1215
2026/03/23 17:17:36.582, P0, Enabled, 41.93, 250.00, 250.00, 150.00, 250.00, 38, 38, 1, 40960, 40445, 210, 1215
2026/03/23 17:17:37.583, P0, Enabled, 42.16, 250.00, 250.00, 150.00, 250.00, 38, 38, 1, 40960, 40445, 210, 1215
2026/03/23 17:17:38.584, P0, Enabled, 42.15, 250.00, 250.00, 150.00, 250.00, 38, 38, 1, 40960, 40445, 210, 1215
2026/03/23 17:17:39.585, P0, Enabled, 42.24, 250.00, 250.00, 150.00, 250.00, 38, 38, 1, 40960, 40445, 210, 1215
2026/03/23 17:17:40.585, P0, Enabled, 42.13, 250.00, 250.00, 150.00, 250.00, 38, 38, 1, 40960, 40445, 210, 1215
2026/03/23 17:17:41.586, P0, Enabled, 42.15, 250.00, 250.00, 150.00, 250.00, 38, 38, 1, 40960, 40445, 210, 1215
2026/03/23 17:17:42.587, P0, Enabled, 42.24, 250.00, 250.00, 150.00, 250.00, 38, 38, 1, 40960, 40445, 210, 1215
2026/03/23 17:17:43.587, P0, Enabled, 42.05, 250.00, 250.00, 150.00, 250.00, 38, 38, 1, 40960, 40445, 210, 1215
2026/03/23 17:17:44.588, P0, Enabled, 42.05, 250.00, 250.00, 150.00, 250.00, 38, 38, 1, 40960, 40445, 210, 1215
2026/03/23 17:17:45.589, P0, Enabled, 42.16, 250.00, 250.00, 150.00, 250.00, 38, 38, 1, 40960, 40445, 210, 1215
2026/03/23 17:17:46.589, P0, Enabled, 42.15, 250.00, 250.00, 150.00, 250.00, 38, 38, 1, 40960, 40445, 210, 1215
2026/03/23 17:17:47.590, P0, Enabled, 42.06, 250.00, 250.00, 150.00, 250.00, 38, 38, 1, 40960, 40445, 210, 1215
2026/03/23 17:17:48.591, P0, Enabled, 42.25, 250.00, 250.00, 150.00, 250.00, 38, 38, 1, 40960, 40445, 210, 1215
2026/03/23 17:17:49.592, P0, Enabled, 42.06, 250.00, 250.00, 150.00, 250.00, 38, 38, 1, 40960, 40445, 210, 1215
2026/03/23 17:17:50.592, P0, Enabled, 42.16, 250.00, 250.00, 150.00, 250.00, 38, 38, 1, 40960, 40445, 210, 1215
2026/03/23 17:17:51.593, P0, Enabled, 42.13, 250.00, 250.00, 150.00, 250.00, 38, 38, 1, 40960, 40445, 210, 1215
2026/03/23 17:17:52.594, P0, Enabled, 42.10, 250.00, 250.00, 150.00, 250.00, 38, 38, 1, 40960, 40445, 210, 1215
2026/03/23 17:17:53.595, P0, Enabled, 42.33, 250.00, 250.00, 150.00, 250.00, 38, 38, 1, 40960, 40445, 210, 1215
2026/03/23 17:17:54.595, P0, Enabled, 42.13, 250.00, 250.00, 150.00, 250.00, 38, 38, 1, 40960, 40445, 210, 1215
2026/03/23 17:17:55.596, P0, Enabled, 42.15, 250.00, 250.00, 150.00, 250.00, 38, 38, 1, 40960, 40445, 210, 1215
2026/03/23 17:17:56.597, P0, Enabled, 42.24, 250.00, 250.00, 150.00, 250.00, 38, 38, 1, 40960, 40445, 210, 1215
2026/03/23 17:17:57.597, P0, Enabled, 42.26, 250.00, 250.00, 150.00, 250.00, 38, 38, 1, 40960, 40445, 210, 1215
2026/03/23 17:17:58.598, P0, Enabled, 42.15, 250.00, 250.00, 150.00, 250.00, 38, 38, 1, 40960, 40445, 210, 1215
2026/03/23 17:17:59.599, P0, Enabled, 42.16, 250.00, 250.00, 150.00, 250.00, 38, 38, 1, 40960, 40445, 210, 1215
2026/03/23 17:18:00.600, P0, Enabled, 42.15, 250.00, 250.00, 150.00, 250.00, 38, 38, 1, 40960, 40445, 210, 1215
2026/03/23 17:18:01.600, P0, Enabled, 42.04, 250.00, 250.00, 150.00, 250.00, 38, 38, 1, 40960, 40445, 210, 1215
2026/03/23 17:18:02.601, P0, Enabled, 42.22, 250.00, 250.00, 150.00, 250.00, 38, 38, 1, 40960, 40445, 210, 1215
2026/03/23 17:18:03.602, P0, Enabled, 42.26, 250.00, 250.00, 150.00, 250.00, 38, 38, 1, 40960, 40445, 210, 1215
2026/03/23 17:18:04.603, P0, Enabled, 42.34, 250.00, 250.00, 150.00, 250.00, 38, 38, 1, 40960, 40445, 210, 1215
2026/03/23 17:18:05.603, P0, Enabled, 42.12, 250.00, 250.00, 150.00, 250.00, 38, 38, 1, 40960, 40445, 210, 1215
2026/03/23 17:18:06.604, P0, Enabled, 42.36, 250.00, 250.00, 150.00, 250.00, 38, 38, 1, 40960, 40445, 210, 1215
2026/03/23 17:18:07.605, P0, Enabled, 42.15, 250.00, 250.00, 150.00, 250.00, 38, 38, 1, 40960, 40445, 210, 1215
2026/03/23 17:18:08.606, P0, Enabled, 42.16, 250.00, 250.00, 150.00, 250.00, 38, 38, 1, 40960, 40445, 210, 1215
2026/03/23 17:18:09.606, P0, Enabled, 42.26, 250.00, 250.00, 150.00, 250.00, 38, 38, 1, 40960, 40445, 210, 1215
2026/03/23 17:18:10.607, P0, Enabled, 42.12, 250.00, 250.00, 150.00, 250.00, 38, 38, 1, 40960, 40445, 210, 1215
2026/03/23 17:18:11.608, P0, Enabled, 42.13, 250.00, 250.00, 150.00, 250.00, 38, 38, 1, 40960, 40445, 210, 1215
2026/03/23 17:18:12.608, P0, Enabled, 42.23, 250.00, 250.00, 150.00, 250.00, 38, 38, 1, 40960, 40445, 210, 1215
2026/03/23 17:18:13.609, P0, Enabled, 42.24, 250.00, 250.00, 150.00, 250.00, 38, 38, 1, 40960, 40445, 210, 1215
2026/03/23 17:18:14.610, P0, Enabled, 42.16, 250.00, 250.00, 150.00, 250.00, 38, 38, 1, 40960, 40445, 210, 1215
2026/03/23 17:18:15.611, P0, Enabled, 42.24, 250.00, 250.00, 150.00, 250.00, 38, 38, 1, 40960, 40445, 210, 1215
2026/03/23 17:18:16.612, P0, Enabled, 42.23, 250.00, 250.00, 150.00, 250.00, 38, 38, 1, 40960, 40445, 210, 1215
2026/03/23 17:18:17.612, P0, Enabled, 42.05, 250.00, 250.00, 150.00, 250.00, 38, 38, 1, 40960, 40445, 210, 1215
2026/03/23 17:18:18.613, P0, Enabled, 42.13, 250.00, 250.00, 150.00, 250.00, 38, 38, 1, 40960, 40445, 210, 1215
2026/03/23 17:18:19.614, P0, Enabled, 42.23, 250.00, 250.00, 150.00, 250.00, 38, 38, 1, 40960, 40445, 210, 1215
2026/03/23 17:18:20.615, P0, Enabled, 42.24, 250.00, 250.00, 150.00, 250.00, 38, 38, 1, 40960, 40445, 210, 1215
2026/03/23 17:18:21.615, P0, Enabled, 42.15, 250.00, 250.00, 150.00, 250.00, 38, 38, 1, 40960, 40445, 210, 1215
2026/03/23 17:18:22.616, P0, Enabled, 42.15, 250.00, 250.00, 150.00, 250.00, 38, 38, 1, 40960, 40445, 210, 1215
2026/03/23 17:18:23.617, P0, Enabled, 42.26, 250.00, 250.00, 150.00, 250.00, 38, 38, 1, 40960, 40445, 210, 1215
2026/03/23 17:18:24.618, P0, Enabled, 42.25, 250.00, 250.00, 150.00, 250.00, 38, 38, 1, 40960, 40445, 210, 1215
2026/03/23 17:18:25.618, P0, Enabled, 42.15, 250.00, 250.00, 150.00, 250.00, 38, 38, 1, 40960, 40445, 210, 1215
2026/03/23 17:18:26.619, P0, Enabled, 42.26, 250.00, 250.00, 150.00, 250.00, 38, 38, 1, 40960, 40445, 210, 1215
2026/03/23 17:18:27.620, P0, Enabled, 42.05, 250.00, 250.00, 150.00, 250.00, 38, 38, 1, 40960, 40445, 210, 1215
2026/03/23 17:18:28.621, P0, Enabled, 42.15, 250.00, 250.00, 150.00, 250.00, 38, 38, 1, 40960, 40445, 210, 1215
2026/03/23 17:18:29.621, P0, Enabled, 42.15, 250.00, 250.00, 150.00, 250.00, 38, 38, 1, 40960, 40445, 210, 1215
2026/03/23 17:18:30.622, P0, Enabled, 42.02, 250.00, 250.00, 150.00, 250.00, 38, 38, 1, 40960, 40445, 210, 1215
2026/03/23 17:18:31.623, P0, Enabled, 42.13, 250.00, 250.00, 150.00, 250.00, 38, 38, 1, 40960, 40445, 210, 1215
2026/03/23 17:18:32.624, P0, Enabled, 42.21, 250.00, 250.00, 150.00, 250.00, 38, 38, 1, 40960, 40445, 210, 1215
2026/03/23 17:18:33.624, P0, Enabled, 42.03, 250.00, 250.00, 150.00, 250.00, 38, 38, 1, 40960, 40445, 210, 1215
2026/03/23 17:18:34.625, P0, Enabled, 42.13, 250.00, 250.00, 150.00, 250.00, 38, 38, 1, 40960, 40445, 210, 1215
2026/03/23 17:18:35.626, P0, Enabled, 42.23, 250.00, 250.00, 150.00, 250.00, 38, 38, 1, 40960, 40445, 210, 1215
2026/03/23 17:18:36.626, P0, Enabled, 42.18, 250.00, 250.00, 150.00, 250.00, 38, 38, 1, 40960, 40445, 210, 1215
2026/03/23 17:18:37.627, P0, Enabled, 42.04, 250.00, 250.00, 150.00, 250.00, 38, 38, 1, 40960, 40445, 210, 1215
2026/03/23 17:18:38.628, P0, Enabled, 42.10, 250.00, 250.00, 150.00, 250.00, 38, 38, 1, 40960, 40445, 210, 1215
2026/03/23 17:18:39.629, P0, Enabled, 42.11, 250.00, 250.00, 150.00, 250.00, 38, 38, 1, 40960, 40445, 210, 1215
2026/03/23 17:18:40.629, P0, Enabled, 42.12, 250.00, 250.00, 150.00, 250.00, 38, 38, 1, 40960, 40445, 210, 1215
2026/03/23 17:18:41.630, P0, Enabled, 42.31, 250.00, 250.00, 150.00, 250.00, 38, 38, 1, 40960, 40445, 210, 1215
2026/03/23 17:18:42.631, P0, Enabled, 42.22, 250.00, 250.00, 150.00, 250.00, 38, 38, 1, 40960, 40445, 210, 1215
2026/03/23 17:18:43.632, P0, Enabled, 42.11, 250.00, 250.00, 150.00, 250.00, 38, 38, 1, 40960, 40445, 210, 1215
2026/03/23 17:18:44.632, P0, Enabled, 42.13, 250.00, 250.00, 150.00, 250.00, 38, 38, 1, 40960, 40445, 210, 1215
2026/03/23 17:18:45.633, P0, Enabled, 42.11, 250.00, 250.00, 150.00, 250.00, 38, 38, 1, 40960, 40445, 210, 1215
2026/03/23 17:18:46.634, P0, Enabled, 42.04, 250.00, 250.00, 150.00, 250.00, 38, 38, 1, 40960, 40445, 210, 1215
2026/03/23 17:18:47.635, P0, Enabled, 42.21, 250.00, 250.00, 150.00, 250.00, 38, 38, 1, 40960, 40445, 210, 1215
2026/03/23 17:18:48.635, P0, Enabled, 42.22, 250.00, 250.00, 150.00, 250.00, 38, 38, 1, 40960, 40445, 210, 1215
2026/03/23 17:18:49.636, P0, Enabled, 42.31, 250.00, 250.00, 150.00, 250.00, 38, 38, 1, 40960, 40445, 210, 1215
2026/03/23 17:18:50.636, P0, Enabled, 42.21, 250.00, 250.00, 150.00, 250.00, 38, 38, 1, 40960, 40445, 210, 1215
2026/03/23 17:18:51.637, P0, Enabled, 42.20, 250.00, 250.00, 150.00, 250.00, 38, 38, 1, 40960, 40445, 210, 1215
2026/03/23 17:18:52.638, P0, Enabled, 42.33, 250.00, 250.00, 150.00, 250.00, 38, 38, 1, 40960, 40445, 210, 1215
2026/03/23 17:18:53.639, P0, Enabled, 42.11, 250.00, 250.00, 150.00, 250.00, 38, 38, 1, 40960, 40445, 210, 1215
2026/03/23 17:18:54.639, P0, Enabled, 42.02, 250.00, 250.00, 150.00, 250.00, 38, 38, 1, 40960, 40445, 210, 1215
2026/03/23 17:18:55.640, P0, Enabled, 42.02, 250.00, 250.00, 150.00, 250.00, 38, 38, 1, 40960, 40445, 210, 1215
2026/03/23 17:18:56.641, P0, Enabled, 42.21, 250.00, 250.00, 150.00, 250.00, 38, 38, 1, 40960, 40445, 210, 1215
2026/03/23 17:18:57.642, P0, Enabled, 42.15, 250.00, 250.00, 150.00, 250.00, 38, 38, 1, 40960, 40445, 210, 1215
2026/03/23 17:18:58.642, P0, Enabled, 42.26, 250.00, 250.00, 150.00, 250.00, 38, 38, 1, 40960, 40445, 210, 1215
2026/03/23 17:18:59.643, P0, Enabled, 42.15, 250.00, 250.00, 150.00, 250.00, 38, 38, 1, 40960, 40445, 210, 1215
2026/03/23 17:19:00.644, P0, Enabled, 42.25, 250.00, 250.00, 150.00, 250.00, 38, 38, 1, 40960, 40445, 210, 1215
2026/03/23 17:19:01.644, P0, Enabled, 42.13, 250.00, 250.00, 150.00, 250.00, 38, 38, 1, 40960, 40445, 210, 1215
2026/03/23 17:19:02.645, P0, Enabled, 42.06, 250.00, 250.00, 150.00, 250.00, 38, 38, 1, 40960, 40445, 210, 1215
2026/03/23 17:19:03.646, P0, Enabled, 42.25, 250.00, 250.00, 150.00, 250.00, 38, 38, 1, 40960, 40445, 210, 1215
2026/03/23 17:19:04.646, P0, Enabled, 42.15, 250.00, 250.00, 150.00, 250.00, 38, 38, 1, 40960, 40445, 210, 1215
2026/03/23 17:19:05.647, P0, Enabled, 42.15, 250.00, 250.00, 150.00, 250.00, 38, 38, 1, 40960, 40445, 210, 1215
2026/03/23 17:19:06.648, P0, Enabled, 42.26, 250.00, 250.00, 150.00, 250.00, 38, 38, 1, 40960, 40445, 210, 1215
2026/03/23 17:19:07.649, P0, Enabled, 42.16, 250.00, 250.00, 150.00, 250.00, 38, 38, 1, 40960, 40445, 210, 1215
2026/03/23 17:19:08.649, P0, Enabled, 42.23, 250.00, 250.00, 150.00, 250.00, 38, 38, 1, 40960, 40445, 210, 1215
2026/03/23 17:19:09.650, P0, Enabled, 42.11, 250.00, 250.00, 150.00, 250.00, 38, 38, 1, 40960, 40445, 210, 1215
2026/03/23 17:19:10.651, P0, Enabled, 42.22, 250.00, 250.00, 150.00, 250.00, 38, 38, 1, 40960, 40445, 210, 1215
2026/03/23 17:19:11.652, P0, Enabled, 42.23, 250.00, 250.00, 150.00, 250.00, 38, 38, 1, 40960, 40445, 210, 1215
2026/03/23 17:19:12.652, P0, Enabled, 42.25, 250.00, 250.00, 150.00, 250.00, 38, 38, 1, 40960, 40445, 210, 1215
2026/03/23 17:19:13.653, P0, Enabled, 42.15, 250.00, 250.00, 150.00, 250.00, 38, 38, 1, 40960, 40445, 210, 1215
2026/03/23 17:19:14.654, P0, Enabled, 42.33, 250.00, 250.00, 150.00, 250.00, 38, 38, 1, 40960, 40445, 210, 1215
2026/03/23 17:19:15.655, P0, Enabled, 42.16, 250.00, 250.00, 150.00, 250.00, 38, 38, 1, 40960, 40445, 210, 1215
2026/03/23 17:19:16.656, P0, Enabled, 42.24, 250.00, 250.00, 150.00, 250.00, 38, 38, 1, 40960, 40445, 210, 1215
2026/03/23 17:19:17.656, P0, Enabled, 42.13, 250.00, 250.00, 150.00, 250.00, 38, 38, 1, 40960, 40445, 210, 1215
2026/03/23 17:19:18.657, P0, Enabled, 42.04, 250.00, 250.00, 150.00, 250.00, 38, 38, 1, 40960, 40445, 210, 1215
2026/03/23 17:19:19.658, P0, Enabled, 42.34, 250.00, 250.00, 150.00, 250.00, 38, 38, 1, 40960, 40445, 210, 1215
2026/03/23 17:19:20.659, P0, Enabled, 42.16, 250.00, 250.00, 150.00, 250.00, 38, 38, 1, 40960, 40445, 210, 1215
2026/03/23 17:19:21.659, P0, Enabled, 42.13, 250.00, 250.00, 150.00, 250.00, 38, 38, 1, 40960, 40445, 210, 1215
2026/03/23 17:19:22.660, P0, Enabled, 42.25, 250.00, 250.00, 150.00, 250.00, 38, 38, 1, 40960, 40445, 210, 1215
2026/03/23 17:19:23.661, P0, Enabled, 42.13, 250.00, 250.00, 150.00, 250.00, 38, 38, 1, 40960, 40445, 210, 1215
2026/03/23 17:19:24.661, P0, Enabled, 42.04, 250.00, 250.00, 150.00, 250.00, 38, 38, 1, 40960, 40445, 210, 1215
2026/03/23 17:19:25.662, P0, Enabled, 42.25, 250.00, 250.00, 150.00, 250.00, 38, 38, 1, 40960, 40445, 210, 1215
2026/03/23 17:19:26.663, P0, Enabled, 42.25, 250.00, 250.00, 150.00, 250.00, 38, 38, 1, 40960, 40445, 210, 1215
2026/03/23 17:19:27.664, P0, Enabled, 42.23, 250.00, 250.00, 150.00, 250.00, 38, 38, 1, 40960, 40445, 210, 1215
2026/03/23 17:19:28.664, P0, Enabled, 42.32, 250.00, 250.00, 150.00, 250.00, 38, 38, 1, 40960, 40445, 210, 1215
2026/03/23 17:19:29.665, P0, Enabled, 42.12, 250.00, 250.00, 150.00, 250.00, 38, 38, 1, 40960, 40445, 210, 1215
2026/03/23 17:19:30.666, P0, Enabled, 42.15, 250.00, 250.00, 150.00, 250.00, 38, 38, 1, 40960, 40445, 210, 1215
2026/03/23 17:19:31.667, P0, Enabled, 42.24, 250.00, 250.00, 150.00, 250.00, 38, 38, 1, 40960, 40445, 210, 1215
2026/03/23 17:19:32.667, P0, Enabled, 42.12, 250.00, 250.00, 150.00, 250.00, 38, 38, 1, 40960, 40445, 210, 1215
2026/03/23 17:19:33.668, P0, Enabled, 42.24, 250.00, 250.00, 150.00, 250.00, 38, 38, 1, 40960, 40445, 210, 1215
2026/03/23 17:19:34.669, P0, Enabled, 42.32, 250.00, 250.00, 150.00, 250.00, 38, 38, 1, 40960, 40445, 210, 1215
2026/03/23 17:19:35.670, P0, Enabled, 42.15, 250.00, 250.00, 150.00, 250.00, 38, 38, 1, 40960, 40445, 210, 1215
2026/03/23 17:19:36.670, P0, Enabled, 42.22, 250.00, 250.00, 150.00, 250.00, 38, 38, 1, 40960, 40445, 210, 1215
2026/03/23 17:19:37.671, P0, Enabled, 42.34, 250.00, 250.00, 150.00, 250.00, 38, 38, 1, 40960, 40445, 210, 1215
2026/03/23 17:19:38.672, P0, Enabled, 42.23, 250.00, 250.00, 150.00, 250.00, 38, 38, 1, 40960, 40445, 210, 1215
2026/03/23 17:19:39.673, P0, Enabled, 42.14, 250.00, 250.00, 150.00, 250.00, 38, 38, 1, 40960, 40445, 210, 1215
2026/03/23 17:19:40.673, P0, Enabled, 42.15, 250.00, 250.00, 150.00, 250.00, 38, 38, 1, 40960, 40445, 210, 1215
2026/03/23 17:19:41.674, P0, Enabled, 42.16, 250.00, 250.00, 150.00, 250.00, 38, 38, 1, 40960, 40445, 210, 1215
2026/03/23 17:19:42.675, P0, Enabled, 42.16, 250.00, 250.00, 150.00, 250.00, 38, 38, 1, 40960, 40445, 210, 1215
2026/03/23 17:19:43.676, P0, Enabled, 42.05, 250.00, 250.00, 150.00, 250.00, 38, 38, 1, 40960, 40445, 210, 1215
2026/03/23 17:19:44.676, P0, Enabled, 42.14, 250.00, 250.00, 150.00, 250.00, 38, 38, 1, 40960, 40445, 210, 1215
2026/03/23 17:19:45.677, P0, Enabled, 42.16, 250.00, 250.00, 150.00, 250.00, 38, 38, 1, 40960, 40445, 210, 1215
2026/03/23 17:19:46.678, P0, Enabled, 42.15, 250.00, 250.00, 150.00, 250.00, 38, 38, 1, 40960, 40445, 210, 1215
2026/03/23 17:19:47.679, P0, Enabled, 42.16, 250.00, 250.00, 150.00, 250.00, 38, 38, 1, 40960, 40445, 210, 1215
2026/03/23 17:19:48.679, P0, Enabled, 41.92, 250.00, 250.00, 150.00, 250.00, 38, 38, 1, 40960, 40445, 210, 1215
2026/03/23 17:19:49.680, P0, Enabled, 42.24, 250.00, 250.00, 150.00, 250.00, 38, 38, 1, 40960, 40445, 210, 1215
2026/03/23 17:19:50.681, P0, Enabled, 42.24, 250.00, 250.00, 150.00, 250.00, 38, 38, 1, 40960, 40445, 210, 1215
2026/03/23 17:19:51.681, P0, Enabled, 42.05, 250.00, 250.00, 150.00, 250.00, 38, 38, 1, 40960, 40445, 210, 1215
2026/03/23 17:19:52.682, P0, Enabled, 42.04, 250.00, 250.00, 150.00, 250.00, 38, 38, 1, 40960, 40445, 210, 1215
2026/03/23 17:19:53.683, P0, Enabled, 42.22, 250.00, 250.00, 150.00, 250.00, 38, 38, 1, 40960, 40445, 210, 1215
2026/03/23 17:19:54.684, P0, Enabled, 42.26, 250.00, 250.00, 150.00, 250.00, 38, 38, 1, 40960, 40445, 210, 1215
2026/03/23 17:19:55.684, P0, Enabled, 42.35, 250.00, 250.00, 150.00, 250.00, 38, 38, 1, 40960, 40445, 210, 1215
2026/03/23 17:19:56.685, P0, Enabled, 42.21, 250.00, 250.00, 150.00, 250.00, 38, 38, 1, 40960, 40445, 210, 1215
2026/03/23 17:19:57.686, P0, Enabled, 42.04, 250.00, 250.00, 150.00, 250.00, 38, 38, 1, 40960, 40445, 210, 1215
2026/03/23 17:19:58.686, P0, Enabled, 42.24, 250.00, 250.00, 150.00, 250.00, 38, 38, 1, 40960, 40445, 210, 1215
2026/03/23 17:19:59.687, P0, Enabled, 42.24, 250.00, 250.00, 150.00, 250.00, 38, 38, 1, 40960, 40445, 210, 1215
2026/03/23 17:20:00.688, P0, Enabled, 42.22, 250.00, 250.00, 150.00, 250.00, 38, 38, 1, 40960, 40445, 210, 1215
2026/03/23 17:20:01.689, P0, Enabled, 42.13, 250.00, 250.00, 150.00, 250.00, 38, 38, 1, 40960, 40445, 210, 1215
2026/03/23 17:20:02.690, P0, Enabled, 42.13, 250.00, 250.00, 150.00, 250.00, 38, 38, 1, 40960, 40445, 210, 1215
2026/03/23 17:20:03.690, P0, Enabled, 42.22, 250.00, 250.00, 150.00, 250.00, 38, 38, 1, 40960, 40445, 210, 1215
2026/03/23 17:20:04.691, P0, Enabled, 42.24, 250.00, 250.00, 150.00, 250.00, 38, 38, 1, 40960, 40445, 210, 1215
2026/03/23 17:20:05.692, P0, Enabled, 42.13, 250.00, 250.00, 150.00, 250.00, 38, 38, 1, 40960, 40445, 210, 1215
2026/03/23 17:20:06.692, P0, Enabled, 42.24, 250.00, 250.00, 150.00, 250.00, 38, 38, 1, 40960, 40445, 210, 1215
2026/03/23 17:20:07.693, P0, Enabled, 42.23, 250.00, 250.00, 150.00, 250.00, 38, 38, 1, 40960, 40445, 210, 1215
2026/03/23 17:20:08.694, P0, Enabled, 42.23, 250.00, 250.00, 150.00, 250.00, 38, 38, 1, 40960, 40445, 210, 1215
2026/03/23 17:20:09.695, P0, Enabled, 42.03, 250.00, 250.00, 150.00, 250.00, 38, 38, 1, 40960, 40445, 210, 1215
2026/03/23 17:20:10.695, P0, Enabled, 42.30, 250.00, 250.00, 150.00, 250.00, 38, 38, 1, 40960, 40445, 210, 1215
2026/03/23 17:20:11.696, P0, Enabled, 42.24, 250.00, 250.00, 150.00, 250.00, 38, 38, 1, 40960, 40445, 210, 1215
2026/03/23 17:20:12.697, P0, Enabled, 42.20, 250.00, 250.00, 150.00, 250.00, 38, 38, 1, 40960, 40445, 210, 1215
2026/03/23 17:20:13.698, P0, Enabled, 42.34, 250.00, 250.00, 150.00, 250.00, 38, 38, 1, 40960, 40445, 210, 1215
2026/03/23 17:20:14.699, P0, Enabled, 42.26, 250.00, 250.00, 150.00, 250.00, 38, 38, 1, 40960, 40445, 210, 1215
2026/03/23 17:20:15.699, P0, Enabled, 42.16, 250.00, 250.00, 150.00, 250.00, 38, 38, 1, 40960, 40445, 210, 1215
2026/03/23 17:20:16.700, P0, Enabled, 42.25, 250.00, 250.00, 150.00, 250.00, 38, 38, 1, 40960, 40445, 210, 1215
2026/03/23 17:20:17.701, P0, Enabled, 42.24, 250.00, 250.00, 150.00, 250.00, 38, 38, 1, 40960, 40445, 210, 1215
2026/03/23 17:20:18.701, P0, Enabled, 42.31, 250.00, 250.00, 150.00, 250.00, 38, 38, 1, 40960, 40445, 210, 1215
2026/03/23 17:20:19.702, P0, Enabled, 42.13, 250.00, 250.00, 150.00, 250.00, 38, 38, 1, 40960, 40445, 210, 1215
2026/03/23 17:20:20.703, P0, Enabled, 42.33, 250.00, 250.00, 150.00, 250.00, 38, 38, 1, 40960, 40445, 210, 1215
2026/03/23 17:20:21.704, P0, Enabled, 42.24, 250.00, 250.00, 150.00, 250.00, 38, 38, 1, 40960, 40445, 210, 1215
2026/03/23 17:20:22.704, P0, Enabled, 42.04, 250.00, 250.00, 150.00, 250.00, 38, 38, 1, 40960, 40445, 210, 1215
2026/03/23 17:20:23.705, P0, Enabled, 42.23, 250.00, 250.00, 150.00, 250.00, 38, 38, 1, 40960, 40445, 210, 1215
2026/03/23 17:20:24.706, P0, Enabled, 42.35, 250.00, 250.00, 150.00, 250.00, 38, 38, 1, 40960, 40445, 210, 1215
2026/03/23 17:20:25.707, P0, Enabled, 42.25, 250.00, 250.00, 150.00, 250.00, 38, 38, 1, 40960, 40445, 210, 1215
2026/03/23 17:20:26.707, P0, Enabled, 42.34, 250.00, 250.00, 150.00, 250.00, 38, 38, 1, 40960, 40445, 210, 1215
2026/03/23 17:20:27.708, P0, Enabled, 42.32, 250.00, 250.00, 150.00, 250.00, 38, 38, 1, 40960, 40445, 210, 1215
2026/03/23 17:20:28.709, P0, Enabled, 42.12, 250.00, 250.00, 150.00, 250.00, 38, 38, 1, 40960, 40445, 210, 1215
2026/03/23 17:20:29.710, P0, Enabled, 42.25, 250.00, 250.00, 150.00, 250.00, 38, 38, 1, 40960, 40445, 210, 1215
2026/03/23 17:20:30.710, P0, Enabled, 42.26, 250.00, 250.00, 150.00, 250.00, 38, 38, 1, 40960, 40445, 210, 1215
2026/03/23 17:20:31.711, P0, Enabled, 42.23, 250.00, 250.00, 150.00, 250.00, 38, 38, 1, 40960, 40445, 210, 1215
2026/03/23 17:20:32.712, P0, Enabled, 42.23, 250.00, 250.00, 150.00, 250.00, 38, 38, 1, 40960, 40445, 210, 1215
2026/03/23 17:20:33.713, P0, Enabled, 42.34, 250.00, 250.00, 150.00, 250.00, 38, 38, 1, 40960, 40445, 210, 1215
2026/03/23 17:20:34.713, P0, Enabled, 42.26, 250.00, 250.00, 150.00, 250.00, 38, 38, 1, 40960, 40445, 210, 1215
2026/03/23 17:20:35.714, P0, Enabled, 42.15, 250.00, 250.00, 150.00, 250.00, 38, 38, 1, 40960, 40445, 210, 1215
2026/03/23 17:20:36.715, P0, Enabled, 42.31, 250.00, 250.00, 150.00, 250.00, 38, 38, 1, 40960, 40445, 210, 1215
2026/03/23 17:20:37.716, P0, Enabled, 42.15, 250.00, 250.00, 150.00, 250.00, 38, 38, 1, 40960, 40445, 210, 1215
2026/03/23 17:20:38.716, P0, Enabled, 42.23, 250.00, 250.00, 150.00, 250.00, 38, 38, 1, 40960, 40445, 210, 1215
2026/03/23 17:20:39.717, P0, Enabled, 42.27, 250.00, 250.00, 150.00, 250.00, 38, 38, 1, 40960, 40445, 210, 1215
2026/03/23 17:20:40.718, P0, Enabled, 42.36, 250.00, 250.00, 150.00, 250.00, 38, 38, 1, 40960, 40445, 210, 1215
2026/03/23 17:20:41.718, P0, Enabled, 42.24, 250.00, 250.00, 150.00, 250.00, 38, 38, 1, 40960, 40445, 210, 1215
2026/03/23 17:20:42.719, P0, Enabled, 42.22, 250.00, 250.00, 150.00, 250.00, 38, 38, 1, 40960, 40445, 210, 1215
2026/03/23 17:20:43.720, P0, Enabled, 42.44, 250.00, 250.00, 150.00, 250.00, 38, 38, 1, 40960, 40445, 210, 1215
2026/03/23 17:20:44.721, P0, Enabled, 42.36, 250.00, 250.00, 150.00, 250.00, 38, 38, 1, 40960, 40445, 210, 1215
2026/03/23 17:20:45.721, P0, Enabled, 42.23, 250.00, 250.00, 150.00, 250.00, 38, 38, 1, 40960, 40445, 210, 1215
2026/03/23 17:20:46.722, P0, Enabled, 42.31, 250.00, 250.00, 150.00, 250.00, 38, 38, 1, 40960, 40445, 210, 1215
2026/03/23 17:20:47.723, P0, Enabled, 42.15, 250.00, 250.00, 150.00, 250.00, 38, 38, 1, 40960, 40445, 210, 1215
2026/03/23 17:20:48.724, P0, Enabled, 42.44, 250.00, 250.00, 150.00, 250.00, 38, 38, 1, 40960, 40445, 210, 1215
2026/03/23 17:20:49.725, P0, Enabled, 42.23, 250.00, 250.00, 150.00, 250.00, 38, 38, 1, 40960, 40445, 210, 1215
2026/03/23 17:20:50.725, P0, Enabled, 42.25, 250.00, 250.00, 150.00, 250.00, 38, 38, 1, 40960, 40445, 210, 1215
2026/03/23 17:20:51.726, P0, Enabled, 42.12, 250.00, 250.00, 150.00, 250.00, 38, 38, 1, 40960, 40445, 210, 1215
2026/03/23 17:20:52.727, P0, Enabled, 42.25, 250.00, 250.00, 150.00, 250.00, 38, 38, 1, 40960, 40445, 210, 1215
2026/03/23 17:20:53.727, P0, Enabled, 42.15, 250.00, 250.00, 150.00, 250.00, 38, 38, 1, 40960, 40445, 210, 1215
2026/03/23 17:20:54.728, P0, Enabled, 42.24, 250.00, 250.00, 150.00, 250.00, 38, 38, 1, 40960, 40445, 210, 1215
2026/03/23 17:20:55.729, P0, Enabled, 42.16, 250.00, 250.00, 150.00, 250.00, 38, 38, 1, 40960, 40445, 210, 1215
2026/03/23 17:20:56.730, P0, Enabled, 42.24, 250.00, 250.00, 150.00, 250.00, 38, 38, 1, 40960, 40445, 210, 1215
2026/03/23 17:20:57.730, P0, Enabled, 42.24, 250.00, 250.00, 150.00, 250.00, 38, 38, 1, 40960, 40445, 210, 1215
2026/03/23 17:20:58.731, P0, Enabled, 42.24, 250.00, 250.00, 150.00, 250.00, 38, 38, 1, 40960, 40445, 210, 1215
2026/03/23 17:20:59.732, P0, Enabled, 42.24, 250.00, 250.00, 150.00, 250.00, 38, 38, 1, 40960, 40445, 210, 1215
2026/03/23 17:21:00.733, P0, Enabled, 42.26, 250.00, 250.00, 150.00, 250.00, 38, 38, 1, 40960, 40445, 210, 1215
2026/03/23 17:21:01.733, P0, Enabled, 42.13, 250.00, 250.00, 150.00, 250.00, 38, 38, 1, 40960, 40445, 210, 1215
2026/03/23 17:21:02.734, P0, Enabled, 42.15, 250.00, 250.00, 150.00, 250.00, 38, 38, 1, 40960, 40445, 210, 1215
2026/03/23 17:21:03.735, P0, Enabled, 42.16, 250.00, 250.00, 150.00, 250.00, 38, 38, 1, 40960, 40445, 210, 1215
2026/03/23 17:21:04.736, P0, Enabled, 42.24, 250.00, 250.00, 150.00, 250.00, 38, 38, 1, 40960, 40445, 210, 1215
2026/03/23 17:21:05.736, P0, Enabled, 42.24, 250.00, 250.00, 150.00, 250.00, 38, 38, 1, 40960, 40445, 210, 1215
2026/03/23 17:21:06.737, P0, Enabled, 42.24, 250.00, 250.00, 150.00, 250.00, 38, 38, 1, 40960, 40445, 210, 1215
2026/03/23 17:21:07.738, P0, Enabled, 42.15, 250.00, 250.00, 150.00, 250.00, 38, 38, 1, 40960, 40445, 210, 1215
2026/03/23 17:21:08.738, P0, Enabled, 42.43, 250.00, 250.00, 150.00, 250.00, 38, 38, 1, 40960, 40445, 210, 1215
2026/03/23 17:21:09.739, P0, Enabled, 42.33, 250.00, 250.00, 150.00, 250.00, 38, 38, 1, 40960, 40445, 210, 1215
2026/03/23 17:21:10.740, P0, Enabled, 42.34, 250.00, 250.00, 150.00, 250.00, 38, 38, 1, 40960, 40445, 210, 1215
2026/03/23 17:21:11.741, P0, Enabled, 42.44, 250.00, 250.00, 150.00, 250.00, 38, 39, 1, 40960, 40445, 210, 1215
2026/03/23 17:21:12.741, P0, Enabled, 42.34, 250.00, 250.00, 150.00, 250.00, 38, 38, 1, 40960, 40445, 210, 1215
2026/03/23 17:21:13.742, P0, Enabled, 42.24, 250.00, 250.00, 150.00, 250.00, 38, 38, 1, 40960, 40445, 210, 1215
2026/03/23 17:21:14.743, P0, Enabled, 42.44, 250.00, 250.00, 150.00, 250.00, 38, 38, 1, 40960, 40445, 210, 1215
2026/03/23 17:21:15.744, P0, Enabled, 42.26, 250.00, 250.00, 150.00, 250.00, 38, 38, 1, 40960, 40445, 210, 1215
2026/03/23 17:21:16.744, P0, Enabled, 42.23, 250.00, 250.00, 150.00, 250.00, 38, 38, 1, 40960, 40445, 210, 1215
2026/03/23 17:21:17.745, P0, Enabled, 42.34, 250.00, 250.00, 150.00, 250.00, 38, 38, 1, 40960, 40445, 210, 1215
2026/03/23 17:21:18.746, P0, Enabled, 42.35, 250.00, 250.00, 150.00, 250.00, 38, 38, 1, 40960, 40445, 210, 1215
2026/03/23 17:21:19.747, P0, Enabled, 42.25, 250.00, 250.00, 150.00, 250.00, 38, 38, 1, 40960, 40445, 210, 1215
2026/03/23 17:21:20.747, P0, Enabled, 42.36, 250.00, 250.00, 150.00, 250.00, 38, 39, 1, 40960, 40445, 210, 1215
2026/03/23 17:21:21.748, P0, Enabled, 42.25, 250.00, 250.00, 150.00, 250.00, 38, 38, 1, 40960, 40445, 210, 1215
2026/03/23 17:21:22.749, P0, Enabled, 42.33, 250.00, 250.00, 150.00, 250.00, 38, 38, 1, 40960, 40445, 210, 1215
2026/03/23 17:21:23.750, P0, Enabled, 42.16, 250.00, 250.00, 150.00, 250.00, 38, 38, 1, 40960, 40445, 210, 1215
2026/03/23 17:21:24.750, P0, Enabled, 42.16, 250.00, 250.00, 150.00, 250.00, 38, 38, 1, 40960, 40445, 210, 1215
2026/03/23 17:21:25.751, P0, Enabled, 42.33, 250.00, 250.00, 150.00, 250.00, 38, 38, 1, 40960, 40445, 210, 1215
2026/03/23 17:21:26.752, P0, Enabled, 42.34, 250.00, 250.00, 150.00, 250.00, 38, 39, 1, 40960, 40445, 210, 1215
2026/03/23 17:21:27.753, P0, Enabled, 42.24, 250.00, 250.00, 150.00, 250.00, 38, 38, 1, 40960, 40445, 210, 1215
2026/03/23 17:21:28.753, P0, Enabled, 42.23, 250.00, 250.00, 150.00, 250.00, 38, 39, 1, 40960, 40445, 210, 1215
2026/03/23 17:21:29.754, P0, Enabled, 42.52, 250.00, 250.00, 150.00, 250.00, 38, 38, 1, 40960, 40445, 210, 1215
2026/03/23 17:21:30.755, P0, Enabled, 42.43, 250.00, 250.00, 150.00, 250.00, 38, 38, 1, 40960, 40445, 210, 1215
2026/03/23 17:21:31.755, P0, Enabled, 42.24, 250.00, 250.00, 150.00, 250.00, 38, 39, 1, 40960, 40445, 210, 1215
2026/03/23 17:21:32.756, P0, Enabled, 42.53, 250.00, 250.00, 150.00, 250.00, 38, 39, 1, 40960, 40445, 210, 1215
2026/03/23 17:21:33.757, P0, Enabled, 42.54, 250.00, 250.00, 150.00, 250.00, 38, 38, 1, 40960, 40445, 210, 1215
2026/03/23 17:21:34.758, P0, Enabled, 42.25, 250.00, 250.00, 150.00, 250.00, 38, 39, 1, 40960, 40445, 210, 1215
2026/03/23 17:21:35.758, P0, Enabled, 42.25, 250.00, 250.00, 150.00, 250.00, 38, 39, 1, 40960, 40445, 210, 1215
2026/03/23 17:21:36.759, P0, Enabled, 42.15, 250.00, 250.00, 150.00, 250.00, 38, 38, 1, 40960, 40445, 210, 1215
2026/03/23 17:21:37.760, P0, Enabled, 42.34, 250.00, 250.00, 150.00, 250.00, 38, 39, 1, 40960, 40445, 210, 1215
2026/03/23 17:21:38.761, P0, Enabled, 42.44, 250.00, 250.00, 150.00, 250.00, 38, 39, 1, 40960, 40445, 210, 1215
2026/03/23 17:21:39.761, P0, Enabled, 42.26, 250.00, 250.00, 150.00, 250.00, 38, 39, 1, 40960, 40445, 210, 1215
2026/03/23 17:21:40.762, P0, Enabled, 42.35, 250.00, 250.00, 150.00, 250.00, 38, 38, 1, 40960, 40445, 210, 1215
2026/03/23 17:21:41.763, P0, Enabled, 42.33, 250.00, 250.00, 150.00, 250.00, 38, 39, 1, 40960, 40445, 210, 1215
2026/03/23 17:21:42.764, P0, Enabled, 42.31, 250.00, 250.00, 150.00, 250.00, 38, 38, 1, 40960, 40445, 210, 1215
2026/03/23 17:21:43.764, P0, Enabled, 42.34, 250.00, 250.00, 150.00, 250.00, 38, 39, 1, 40960, 40445, 210, 1215
2026/03/23 17:21:44.765, P0, Enabled, 42.25, 250.00, 250.00, 150.00, 250.00, 38, 39, 1, 40960, 40445, 210, 1215
2026/03/23 17:21:45.766, P0, Enabled, 42.25, 250.00, 250.00, 150.00, 250.00, 38, 39, 1, 40960, 40445, 210, 1215
2026/03/23 17:21:46.766, P0, Enabled, 42.24, 250.00, 250.00, 150.00, 250.00, 38, 39, 1, 40960, 40445, 210, 1215
2026/03/23 17:21:47.767, P0, Enabled, 42.34, 250.00, 250.00, 150.00, 250.00, 38, 39, 1, 40960, 40445, 210, 1215
2026/03/23 17:21:48.768, P0, Enabled, 42.31, 250.00, 250.00, 150.00, 250.00, 38, 38, 1, 40960, 40445, 210, 1215
2026/03/23 17:21:49.769, P0, Enabled, 42.23, 250.00, 250.00, 150.00, 250.00, 38, 39, 1, 40960, 40445, 210, 1215
2026/03/23 17:21:50.769, P0, Enabled, 42.46, 250.00, 250.00, 150.00, 250.00, 38, 39, 1, 40960, 40445, 210, 1215
2026/03/23 17:21:51.770, P0, Enabled, 42.23, 250.00, 250.00, 150.00, 250.00, 38, 39, 1, 40960, 40445, 210, 1215
2026/03/23 17:21:52.771, P0, Enabled, 42.31, 250.00, 250.00, 150.00, 250.00, 38, 39, 1, 40960, 40445, 210, 1215
2026/03/23 17:21:53.772, P0, Enabled, 42.31, 250.00, 250.00, 150.00, 250.00, 38, 38, 1, 40960, 40445, 210, 1215
2026/03/23 17:21:54.773, P0, Enabled, 42.33, 250.00, 250.00, 150.00, 250.00, 38, 38, 1, 40960, 40445, 210, 1215
2026/03/23 17:21:55.773, P0, Enabled, 42.34, 250.00, 250.00, 150.00, 250.00, 38, 39, 1, 40960, 40445, 210, 1215
2026/03/23 17:21:56.774, P0, Enabled, 42.33, 250.00, 250.00, 150.00, 250.00, 38, 39, 1, 40960, 40445, 210, 1215
2026/03/23 17:21:57.775, P0, Enabled, 42.42, 250.00, 250.00, 150.00, 250.00, 38, 39, 1, 40960, 40445, 210, 1215
2026/03/23 17:21:58.776, P0, Enabled, 42.33, 250.00, 250.00, 150.00, 250.00, 38, 39, 1, 40960, 40445, 210, 1215
2026/03/23 17:21:59.776, P0, Enabled, 42.44, 250.00, 250.00, 150.00, 250.00, 38, 39, 1, 40960, 40445, 210, 1215
2026/03/23 17:22:00.777, P0, Enabled, 42.24, 250.00, 250.00, 150.00, 250.00, 38, 39, 1, 40960, 40445, 210, 1215
2026/03/23 17:22:01.778, P0, Enabled, 42.45, 250.00, 250.00, 150.00, 250.00, 38, 38, 1, 40960, 40445, 210, 1215
2026/03/23 17:22:02.779, P0, Enabled, 42.33, 250.00, 250.00, 150.00, 250.00, 38, 38, 1, 40960, 40445, 210, 1215
2026/03/23 17:22:03.779, P0, Enabled, 42.35, 250.00, 250.00, 150.00, 250.00, 38, 39, 1, 40960, 40445, 210, 1215
2026/03/23 17:22:04.780, P0, Enabled, 42.35, 250.00, 250.00, 150.00, 250.00, 38, 38, 1, 40960, 40445, 210, 1215
2026/03/23 17:22:05.781, P0, Enabled, 42.36, 250.00, 250.00, 150.00, 250.00, 38, 39, 1, 40960, 40445, 210, 1215
2026/03/23 17:22:06.782, P0, Enabled, 42.25, 250.00, 250.00, 150.00, 250.00, 38, 38, 1, 40960, 40445, 210, 1215
2026/03/23 17:22:07.782, P0, Enabled, 42.41, 250.00, 250.00, 150.00, 250.00, 38, 38, 1, 40960, 40445, 210, 1215
2026/03/23 17:22:08.783, P0, Enabled, 42.53, 250.00, 250.00, 150.00, 250.00, 38, 39, 1, 40960, 40445, 210, 1215
2026/03/23 17:22:09.784, P0, Enabled, 42.23, 250.00, 250.00, 150.00, 250.00, 38, 39, 1, 40960, 40445, 210, 1215
2026/03/23 17:22:10.785, P0, Enabled, 42.44, 250.00, 250.00, 150.00, 250.00, 38, 39, 1, 40960, 40445, 210, 1215
2026/03/23 17:22:11.785, P0, Enabled, 42.34, 250.00, 250.00, 150.00, 250.00, 38, 38, 1, 40960, 40445, 210, 1215
2026/03/23 17:22:12.786, P0, Enabled, 42.15, 250.00, 250.00, 150.00, 250.00, 38, 39, 1, 40960, 40445, 210, 1215
2026/03/23 17:22:13.787, P0, Enabled, 42.35, 250.00, 250.00, 150.00, 250.00, 38, 39, 1, 40960, 40445, 210, 1215
2026/03/23 17:22:14.788, P0, Enabled, 42.52, 250.00, 250.00, 150.00, 250.00, 38, 39, 1, 40960, 40445, 210, 1215
2026/03/23 17:22:15.788, P0, Enabled, 42.23, 250.00, 250.00, 150.00, 250.00, 38, 39, 1, 40960, 40445, 210, 1215
2026/03/23 17:22:16.789, P0, Enabled, 42.33, 250.00, 250.00, 150.00, 250.00, 38, 39, 1, 40960, 40445, 210, 1215
2026/03/23 17:22:17.790, P0, Enabled, 42.42, 250.00, 250.00, 150.00, 250.00, 38, 38, 1, 40960, 40445, 210, 1215
2026/03/23 17:22:18.790, P0, Enabled, 42.32, 250.00, 250.00, 150.00, 250.00, 38, 38, 1, 40960, 40445, 210, 1215
2026/03/23 17:22:19.791, P0, Enabled, 42.32, 250.00, 250.00, 150.00, 250.00, 38, 39, 1, 40960, 40445, 210, 1215
2026/03/23 17:22:20.792, P0, Enabled, 42.34, 250.00, 250.00, 150.00, 250.00, 38, 39, 1, 40960, 40445, 210, 1215
2026/03/23 17:22:21.793, P0, Enabled, 42.42, 250.00, 250.00, 150.00, 250.00, 38, 39, 1, 40960, 40445, 210, 1215
2026/03/23 17:22:22.793, P0, Enabled, 42.33, 250.00, 250.00, 150.00, 250.00, 38, 38, 1, 40960, 40445, 210, 1215
2026/03/23 17:22:23.796, P0, Enabled, 42.33, 250.00, 250.00, 150.00, 250.00, 38, 39, 1, 40960, 40445, 210, 1215
2026/03/23 17:22:24.797, P0, Enabled, 42.26, 250.00, 250.00, 150.00, 250.00, 38, 39, 1, 40960, 40445, 210, 1215
2026/03/23 17:22:25.797, P0, Enabled, 42.46, 250.00, 250.00, 150.00, 250.00, 38, 39, 1, 40960, 40445, 210, 1215
2026/03/23 17:22:26.798, P0, Enabled, 42.33, 250.00, 250.00, 150.00, 250.00, 38, 39, 1, 40960, 40445, 210, 1215
2026/03/23 17:22:27.799, P0, Enabled, 42.41, 250.00, 250.00, 150.00, 250.00, 38, 39, 1, 40960, 40445, 210, 1215
2026/03/23 17:22:28.799, P0, Enabled, 42.33, 250.00, 250.00, 150.00, 250.00, 38, 38, 1, 40960, 40445, 210, 1215
2026/03/23 17:22:29.800, P0, Enabled, 42.46, 250.00, 250.00, 150.00, 250.00, 38, 39, 1, 40960, 40445, 210, 1215
2026/03/23 17:22:30.801, P0, Enabled, 42.35, 250.00, 250.00, 150.00, 250.00, 38, 39, 1, 40960, 40445, 210, 1215
2026/03/23 17:22:31.801, P0, Enabled, 42.42, 250.00, 250.00, 150.00, 250.00, 38, 39, 1, 40960, 40445, 210, 1215
2026/03/23 17:22:32.802, P0, Enabled, 42.42, 250.00, 250.00, 150.00, 250.00, 38, 39, 1, 40960, 40445, 210, 1215
2026/03/23 17:22:33.803, P0, Enabled, 42.55, 250.00, 250.00, 150.00, 250.00, 38, 39, 1, 40960, 40445, 210, 1215
2026/03/23 17:22:34.804, P0, Enabled, 42.35, 250.00, 250.00, 150.00, 250.00, 38, 38, 1, 40960, 40445, 210, 1215
2026/03/23 17:22:35.804, P0, Enabled, 42.43, 250.00, 250.00, 150.00, 250.00, 38, 39, 1, 40960, 40445, 210, 1215
2026/03/23 17:22:36.805, P0, Enabled, 42.65, 250.00, 250.00, 150.00, 250.00, 38, 39, 1, 40960, 40445, 210, 1215
2026/03/23 17:22:37.806, P0, Enabled, 42.54, 250.00, 250.00, 150.00, 250.00, 38, 39, 1, 40960, 40445, 210, 1215
2026/03/23 17:22:38.806, P0, Enabled, 42.42, 250.00, 250.00, 150.00, 250.00, 38, 39, 1, 40960, 40445, 210, 1215
2026/03/23 17:22:39.807, P0, Enabled, 42.34, 250.00, 250.00, 150.00, 250.00, 38, 39, 1, 40960, 40445, 210, 1215
2026/03/23 17:22:40.808, P0, Enabled, 42.33, 250.00, 250.00, 150.00, 250.00, 38, 39, 1, 40960, 40445, 210, 1215
2026/03/23 17:22:41.809, P0, Enabled, 42.23, 250.00, 250.00, 150.00, 250.00, 38, 39, 1, 40960, 40445, 210, 1215
2026/03/23 17:22:42.809, P0, Enabled, 42.41, 250.00, 250.00, 150.00, 250.00, 38, 39, 1, 40960, 40445, 210, 1215
2026/03/23 17:22:43.810, P0, Enabled, 42.42, 250.00, 250.00, 150.00, 250.00, 38, 39, 1, 40960, 40445, 210, 1215
2026/03/23 17:22:44.810, P0, Enabled, 42.44, 250.00, 250.00, 150.00, 250.00, 38, 39, 1, 40960, 40445, 210, 1215
2026/03/23 17:22:45.811, P0, Enabled, 42.31, 250.00, 250.00, 150.00, 250.00, 38, 39, 1, 40960, 40445, 210, 1215
2026/03/23 17:22:46.812, P0, Enabled, 42.42, 250.00, 250.00, 150.00, 250.00, 38, 39, 1, 40960, 40445, 210, 1215
2026/03/23 17:22:47.813, P0, Enabled, 42.44, 250.00, 250.00, 150.00, 250.00, 38, 39, 1, 40960, 40445, 210, 1215
2026/03/23 17:22:48.813, P0, Enabled, 42.34, 250.00, 250.00, 150.00, 250.00, 38, 39, 1, 40960, 40445, 210, 1215
2026/03/23 17:22:49.814, P0, Enabled, 42.34, 250.00, 250.00, 150.00, 250.00, 38, 39, 1, 40960, 40445, 210, 1215
2026/03/23 17:22:50.815, P0, Enabled, 42.45, 250.00, 250.00, 150.00, 250.00, 38, 39, 1, 40960, 40445, 210, 1215
2026/03/23 17:22:51.816, P0, Enabled, 42.35, 250.00, 250.00, 150.00, 250.00, 38, 39, 1, 40960, 40445, 210, 1215
2026/03/23 17:22:52.816, P0, Enabled, 42.45, 250.00, 250.00, 150.00, 250.00, 38, 39, 1, 40960, 40445, 210, 1215
2026/03/23 17:22:53.817, P0, Enabled, 42.15, 250.00, 250.00, 150.00, 250.00, 38, 39, 1, 40960, 40445, 210, 1215
2026/03/23 17:22:54.818, P0, Enabled, 42.45, 250.00, 250.00, 150.00, 250.00, 38, 39, 1, 40960, 40445, 210, 1215
2026/03/23 17:22:55.818, P0, Enabled, 42.23, 250.00, 250.00, 150.00, 250.00, 38, 39, 1, 40960, 40445, 210, 1215
2026/03/23 17:22:56.819, P0, Enabled, 42.33, 250.00, 250.00, 150.00, 250.00, 38, 39, 1, 40960, 40445, 210, 1215
2026/03/23 17:22:57.820, P0, Enabled, 42.44, 250.00, 250.00, 150.00, 250.00, 38, 39, 1, 40960, 40445, 210, 1215
2026/03/23 17:22:58.821, P0, Enabled, 42.44, 250.00, 250.00, 150.00, 250.00, 38, 39, 1, 40960, 40445, 210, 1215
2026/03/23 17:22:59.821, P0, Enabled, 42.45, 250.00, 250.00, 150.00, 250.00, 38, 39, 1, 40960, 40445, 210, 1215
2026/03/23 17:23:00.822, P0, Enabled, 42.24, 250.00, 250.00, 150.00, 250.00, 38, 39, 1, 40960, 40445, 210, 1215
2026/03/23 17:23:01.823, P0, Enabled, 42.33, 250.00, 250.00, 150.00, 250.00, 38, 39, 1, 40960, 40445, 210, 1215
2026/03/23 17:23:02.824, P0, Enabled, 42.44, 250.00, 250.00, 150.00, 250.00, 38, 39, 1, 40960, 40445, 210, 1215
2026/03/23 17:23:03.824, P0, Enabled, 42.42, 250.00, 250.00, 150.00, 250.00, 38, 39, 1, 40960, 40445, 210, 1215
2026/03/23 17:23:04.825, P0, Enabled, 42.44, 250.00, 250.00, 150.00, 250.00, 38, 39, 1, 40960, 40445, 210, 1215
2026/03/23 17:23:05.826, P0, Enabled, 42.42, 250.00, 250.00, 150.00, 250.00, 38, 39, 1, 40960, 40445, 210, 1215
2026/03/23 17:23:06.826, P0, Enabled, 42.42, 250.00, 250.00, 150.00, 250.00, 38, 39, 1, 40960, 40445, 210, 1215
2026/03/23 17:23:07.827, P0, Enabled, 42.31, 250.00, 250.00, 150.00, 250.00, 38, 39, 1, 40960, 40445, 210, 1215
2026/03/23 17:23:08.828, P0, Enabled, 42.41, 250.00, 250.00, 150.00, 250.00, 38, 39, 1, 40960, 40445, 210, 1215
2026/03/23 17:23:09.828, P0, Enabled, 42.42, 250.00, 250.00, 150.00, 250.00, 38, 39, 1, 40960, 40445, 210, 1215
2026/03/23 17:23:10.829, P0, Enabled, 42.53, 250.00, 250.00, 150.00, 250.00, 38, 39, 1, 40960, 40445, 210, 1215
2026/03/23 17:23:11.830, P0, Enabled, 42.54, 250.00, 250.00, 150.00, 250.00, 38, 39, 1, 40960, 40445, 210, 1215
2026/03/23 17:23:12.831, P0, Enabled, 42.35, 250.00, 250.00, 150.00, 250.00, 38, 39, 1, 40960, 40445, 210, 1215
2026/03/23 17:23:13.831, P0, Enabled, 42.33, 250.00, 250.00, 150.00, 250.00, 38, 39, 1, 40960, 40445, 210, 1215
2026/03/23 17:23:14.832, P0, Enabled, 42.34, 250.00, 250.00, 150.00, 250.00, 38, 39, 1, 40960, 40445, 210, 1215
2026/03/23 17:23:15.833, P0, Enabled, 42.41, 250.00, 250.00, 150.00, 250.00, 38, 39, 1, 40960, 40445, 210, 1215
2026/03/23 17:23:16.833, P0, Enabled, 42.43, 250.00, 250.00, 150.00, 250.00, 38, 39, 1, 40960, 40445, 210, 1215
2026/03/23 17:23:17.834, P0, Enabled, 42.51, 250.00, 250.00, 150.00, 250.00, 38, 39, 1, 40960, 40445, 210, 1215
2026/03/23 17:23:18.835, P0, Enabled, 42.34, 250.00, 250.00, 150.00, 250.00, 38, 39, 1, 40960, 40445, 210, 1215
2026/03/23 17:23:19.835, P0, Enabled, 42.25, 250.00, 250.00, 150.00, 250.00, 38, 39, 1, 40960, 40445, 210, 1215
2026/03/23 17:23:20.836, P0, Enabled, 42.55, 250.00, 250.00, 150.00, 250.00, 38, 39, 1, 40960, 40445, 210, 1215
2026/03/23 17:23:21.837, P0, Enabled, 42.54, 250.00, 250.00, 150.00, 250.00, 38, 39, 1, 40960, 40445, 210, 1215
2026/03/23 17:23:22.838, P0, Enabled, 42.55, 250.00, 250.00, 150.00, 250.00, 38, 39, 1, 40960, 40445, 210, 1215
2026/03/23 17:23:23.838, P0, Enabled, 42.54, 250.00, 250.00, 150.00, 250.00, 38, 39, 1, 40960, 40445, 210, 1215
2026/03/23 17:23:24.839, P0, Enabled, 42.46, 250.00, 250.00, 150.00, 250.00, 38, 39, 1, 40960, 40445, 210, 1215
2026/03/23 17:23:25.840, P0, Enabled, 42.33, 250.00, 250.00, 150.00, 250.00, 38, 39, 1, 40960, 40445, 210, 1215
2026/03/23 17:23:26.840, P0, Enabled, 42.52, 250.00, 250.00, 150.00, 250.00, 38, 39, 1, 40960, 40445, 210, 1215
2026/03/23 17:23:27.841, P0, Enabled, 42.41, 250.00, 250.00, 150.00, 250.00, 38, 39, 1, 40960, 40445, 210, 1215
2026/03/23 17:23:28.842, P0, Enabled, 42.33, 250.00, 250.00, 150.00, 250.00, 38, 39, 1, 40960, 40445, 210, 1215
2026/03/23 17:23:29.843, P0, Enabled, 42.53, 250.00, 250.00, 150.00, 250.00, 38, 39, 1, 40960, 40445, 210, 1215
2026/03/23 17:23:30.843, P0, Enabled, 42.51, 250.00, 250.00, 150.00, 250.00, 38, 39, 1, 40960, 40445, 210, 1215
2026/03/23 17:23:31.844, P0, Enabled, 42.52, 250.00, 250.00, 150.00, 250.00, 38, 39, 1, 40960, 40445, 210, 1215
2026/03/23 17:23:32.845, P0, Enabled, 42.50, 250.00, 250.00, 150.00, 250.00, 38, 39, 1, 40960, 40445, 210, 1215
2026/03/23 17:23:33.845, P0, Enabled, 42.41, 250.00, 250.00, 150.00, 250.00, 38, 39, 1, 40960, 40445, 210, 1215
2026/03/23 17:23:34.846, P0, Enabled, 42.52, 250.00, 250.00, 150.00, 250.00, 38, 39, 1, 40960, 40445, 210, 1215
2026/03/23 17:23:35.846, P0, Enabled, 42.41, 250.00, 250.00, 150.00, 250.00, 38, 39, 1, 40960, 40445, 210, 1215
2026/03/23 17:23:36.847, P0, Enabled, 42.45, 250.00, 250.00, 150.00, 250.00, 38, 39, 1, 40960, 40445, 210, 1215
2026/03/23 17:23:37.848, P0, Enabled, 42.44, 250.00, 250.00, 150.00, 250.00, 38, 39, 1, 40960, 40445, 210, 1215
2026/03/23 17:23:38.849, P0, Enabled, 42.45, 250.00, 250.00, 150.00, 250.00, 38, 39, 1, 40960, 40445, 210, 1215
2026/03/23 17:23:39.849, P0, Enabled, 42.54, 250.00, 250.00, 150.00, 250.00, 38, 39, 1, 40960, 40445, 210, 1215
2026/03/23 17:23:40.850, P0, Enabled, 42.45, 250.00, 250.00, 150.00, 250.00, 38, 39, 1, 40960, 40445, 210, 1215
2026/03/23 17:23:41.851, P0, Enabled, 42.44, 250.00, 250.00, 150.00, 250.00, 38, 39, 1, 40960, 40445, 210, 1215
2026/03/23 17:23:42.852, P0, Enabled, 42.54, 250.00, 250.00, 150.00, 250.00, 38, 39, 1, 40960, 40445, 210, 1215
2026/03/23 17:23:43.852, P0, Enabled, 42.43, 250.00, 250.00, 150.00, 250.00, 38, 39, 1, 40960, 40445, 210, 1215
2026/03/23 17:23:44.853, P0, Enabled, 42.42, 250.00, 250.00, 150.00, 250.00, 38, 39, 1, 40960, 40445, 210, 1215
2026/03/23 17:23:45.854, P0, Enabled, 42.53, 250.00, 250.00, 150.00, 250.00, 38, 39, 1, 40960, 40445, 210, 1215
2026/03/23 17:23:46.854, P0, Enabled, 42.42, 250.00, 250.00, 150.00, 250.00, 38, 39, 1, 40960, 40445, 210, 1215
2026/03/23 17:23:47.855, P0, Enabled, 42.45, 250.00, 250.00, 150.00, 250.00, 38, 39, 1, 40960, 40445, 210, 1215
2026/03/23 17:23:48.856, P0, Enabled, 42.44, 250.00, 250.00, 150.00, 250.00, 38, 39, 1, 40960, 40445, 210, 1215
2026/03/23 17:23:49.856, P0, Enabled, 42.33, 250.00, 250.00, 150.00, 250.00, 38, 39, 1, 40960, 40445, 210, 1215
2026/03/23 17:23:50.857, P0, Enabled, 42.44, 250.00, 250.00, 150.00, 250.00, 38, 39, 1, 40960, 40445, 210, 1215
2026/03/23 17:23:51.858, P0, Enabled, 42.44, 250.00, 250.00, 150.00, 250.00, 38, 39, 1, 40960, 40445, 210, 1215
2026/03/23 17:23:52.858, P0, Enabled, 42.51, 250.00, 250.00, 150.00, 250.00, 38, 39, 1, 40960, 40445, 210, 1215
2026/03/23 17:23:53.859, P0, Enabled, 42.51, 250.00, 250.00, 150.00, 250.00, 38, 39, 1, 40960, 40445, 210, 1215
2026/03/23 17:23:54.860, P0, Enabled, 42.42, 250.00, 250.00, 150.00, 250.00, 38, 39, 1, 40960, 40445, 210, 1215
2026/03/23 17:23:55.861, P0, Enabled, 42.42, 250.00, 250.00, 150.00, 250.00, 38, 39, 1, 40960, 40445, 210, 1215
2026/03/23 17:23:56.861, P0, Enabled, 42.53, 250.00, 250.00, 150.00, 250.00, 38, 39, 1, 40960, 40445, 210, 1215
2026/03/23 17:23:57.862, P0, Enabled, 42.44, 250.00, 250.00, 150.00, 250.00, 38, 39, 1, 40960, 40445, 210, 1215
2026/03/23 17:23:58.863, P0, Enabled, 42.44, 250.00, 250.00, 150.00, 250.00, 38, 39, 1, 40960, 40445, 210, 1215
2026/03/23 17:23:59.863, P0, Enabled, 42.33, 250.00, 250.00, 150.00, 250.00, 38, 39, 1, 40960, 40445, 210, 1215
2026/03/23 17:24:00.864, P0, Enabled, 42.44, 250.00, 250.00, 150.00, 250.00, 38, 39, 1, 40960, 40445, 210, 1215
2026/03/23 17:24:01.865, P0, Enabled, 42.43, 250.00, 250.00, 150.00, 250.00, 38, 39, 1, 40960, 40445, 210, 1215
2026/03/23 17:24:02.865, P0, Enabled, 42.34, 250.00, 250.00, 150.00, 250.00, 38, 39, 1, 40960, 40445, 210, 1215
2026/03/23 17:24:03.866, P0, Enabled, 42.50, 250.00, 250.00, 150.00, 250.00, 38, 39, 1, 40960, 40445, 210, 1215
2026/03/23 17:24:04.867, P0, Enabled, 42.32, 250.00, 250.00, 150.00, 250.00, 38, 39, 1, 40960, 40445, 210, 1215
2026/03/23 17:24:05.867, P0, Enabled, 42.39, 250.00, 250.00, 150.00, 250.00, 38, 39, 1, 40960, 40445, 210, 1215
2026/03/23 17:24:06.868, P0, Enabled, 42.53, 250.00, 250.00, 150.00, 250.00, 38, 39, 1, 40960, 40445, 210, 1215
2026/03/23 17:24:07.869, P0, Enabled, 42.31, 250.00, 250.00, 150.00, 250.00, 38, 39, 1, 40960, 40445, 210, 1215
2026/03/23 17:24:08.870, P0, Enabled, 42.42, 250.00, 250.00, 150.00, 250.00, 38, 39, 1, 40960, 40445, 210, 1215
2026/03/23 17:24:09.870, P0, Enabled, 42.45, 250.00, 250.00, 150.00, 250.00, 38, 39, 1, 40960, 40445, 210, 1215
2026/03/23 17:24:10.871, P0, Enabled, 42.41, 250.00, 250.00, 150.00, 250.00, 38, 39, 1, 40960, 40445, 210, 1215
2026/03/23 17:24:11.871, P0, Enabled, 42.45, 250.00, 250.00, 150.00, 250.00, 38, 39, 1, 40960, 40445, 210, 1215
2026/03/23 17:24:12.872, P0, Enabled, 42.33, 250.00, 250.00, 150.00, 250.00, 38, 39, 1, 40960, 40445, 210, 1215
2026/03/23 17:24:13.873, P0, Enabled, 42.55, 250.00, 250.00, 150.00, 250.00, 38, 39, 1, 40960, 40445, 210, 1215
2026/03/23 17:24:14.874, P0, Enabled, 42.33, 250.00, 250.00, 150.00, 250.00, 38, 39, 1, 40960, 40445, 210, 1215
2026/03/23 17:24:15.874, P0, Enabled, 42.52, 250.00, 250.00, 150.00, 250.00, 38, 39, 1, 40960, 40445, 210, 1215
2026/03/23 17:24:16.875, P0, Enabled, 42.42, 250.00, 250.00, 150.00, 250.00, 38, 39, 1, 40960, 40445, 210, 1215
2026/03/23 17:24:17.876, P0, Enabled, 42.33, 250.00, 250.00, 150.00, 250.00, 38, 39, 1, 40960, 40445, 210, 1215
2026/03/23 17:24:18.876, P0, Enabled, 42.42, 250.00, 250.00, 150.00, 250.00, 38, 39, 1, 40960, 40445, 210, 1215
2026/03/23 17:24:19.877, P0, Enabled, 42.42, 250.00, 250.00, 150.00, 250.00, 38, 39, 1, 40960, 40445, 210, 1215
2026/03/23 17:24:20.878, P0, Enabled, 42.31, 250.00, 250.00, 150.00, 250.00, 38, 39, 1, 40960, 40445, 210, 1215
2026/03/23 17:24:21.879, P0, Enabled, 42.62, 250.00, 250.00, 150.00, 250.00, 38, 39, 1, 40960, 40445, 210, 1215
2026/03/23 17:24:22.879, P0, Enabled, 42.42, 250.00, 250.00, 150.00, 250.00, 38, 39, 1, 40960, 40445, 210, 1215
2026/03/23 17:24:23.880, P0, Enabled, 42.30, 250.00, 250.00, 150.00, 250.00, 38, 39, 1, 40960, 40445, 210, 1215
2026/03/23 17:24:24.881, P0, Enabled, 42.39, 250.00, 250.00, 150.00, 250.00, 38, 39, 1, 40960, 40445, 210, 1215
2026/03/23 17:24:25.882, P0, Enabled, 42.55, 250.00, 250.00, 150.00, 250.00, 38, 39, 1, 40960, 40445, 210, 1215
2026/03/23 17:24:26.882, P0, Enabled, 42.54, 250.00, 250.00, 150.00, 250.00, 38, 39, 1, 40960, 40445, 210, 1215
2026/03/23 17:24:27.883, P0, Enabled, 42.54, 250.00, 250.00, 150.00, 250.00, 38, 39, 1, 40960, 40445, 210, 1215
2026/03/23 17:24:28.884, P0, Enabled, 42.44, 250.00, 250.00, 150.00, 250.00, 38, 39, 1, 40960, 40445, 210, 1215
2026/03/23 17:24:29.884, P0, Enabled, 42.44, 250.00, 250.00, 150.00, 250.00, 38, 39, 1, 40960, 40445, 210, 1215
2026/03/23 17:24:30.885, P0, Enabled, 42.46, 250.00, 250.00, 150.00, 250.00, 38, 39, 1, 40960, 40445, 210, 1215
2026/03/23 17:24:31.886, P0, Enabled, 42.55, 250.00, 250.00, 150.00, 250.00, 38, 39, 1, 40960, 40445, 210, 1215
2026/03/23 17:24:32.887, P0, Enabled, 42.41, 250.00, 250.00, 150.00, 250.00, 38, 39, 1, 40960, 40445, 210, 1215
2026/03/23 17:24:33.887, P0, Enabled, 42.33, 250.00, 250.00, 150.00, 250.00, 38, 39, 1, 40960, 40445, 210, 1215
2026/03/23 17:24:34.888, P0, Enabled, 42.46, 250.00, 250.00, 150.00, 250.00, 38, 39, 1, 40960, 40445, 210, 1215
2026/03/23 17:24:35.889, P0, Enabled, 42.54, 250.00, 250.00, 150.00, 250.00, 38, 39, 1, 40960, 40445, 210, 1215
2026/03/23 17:24:36.889, P0, Enabled, 42.45, 250.00, 250.00, 150.00, 250.00, 38, 39, 1, 40960, 40445, 210, 1215
2026/03/23 17:24:37.890, P0, Enabled, 42.46, 250.00, 250.00, 150.00, 250.00, 38, 39, 1, 40960, 40445, 210, 1215
2026/03/23 17:24:38.891, P0, Enabled, 42.44, 250.00, 250.00, 150.00, 250.00, 38, 39, 1, 40960, 40445, 210, 1215
2026/03/23 17:24:39.892, P0, Enabled, 42.44, 250.00, 250.00, 150.00, 250.00, 38, 39, 1, 40960, 40445, 210, 1215
2026/03/23 17:24:40.892, P0, Enabled, 42.42, 250.00, 250.00, 150.00, 250.00, 38, 39, 1, 40960, 40445, 210, 1215
2026/03/23 17:24:41.893, P0, Enabled, 42.50, 250.00, 250.00, 150.00, 250.00, 38, 39, 1, 40960, 40445, 210, 1215
2026/03/23 17:24:42.894, P0, Enabled, 42.52, 250.00, 250.00, 150.00, 250.00, 38, 39, 1, 40960, 40445, 210, 1215
2026/03/23 17:24:43.895, P0, Enabled, 42.41, 250.00, 250.00, 150.00, 250.00, 38, 39, 1, 40960, 40445, 210, 1215
2026/03/23 17:24:44.895, P0, Enabled, 42.55, 250.00, 250.00, 150.00, 250.00, 38, 39, 1, 40960, 40445, 210, 1215
2026/03/23 17:24:45.896, P0, Enabled, 42.41, 250.00, 250.00, 150.00, 250.00, 38, 39, 1, 40960, 40445, 210, 1215
2026/03/23 17:24:46.897, P0, Enabled, 42.42, 250.00, 250.00, 150.00, 250.00, 38, 39, 1, 40960, 40445, 210, 1215
2026/03/23 17:24:47.898, P0, Enabled, 42.54, 250.00, 250.00, 150.00, 250.00, 38, 39, 1, 40960, 40445, 210, 1215
2026/03/23 17:24:48.898, P0, Enabled, 42.61, 250.00, 250.00, 150.00, 250.00, 38, 39, 1, 40960, 40445, 210, 1215
2026/03/23 17:24:49.899, P0, Enabled, 42.34, 250.00, 250.00, 150.00, 250.00, 38, 39, 1, 40960, 40445, 210, 1215
2026/03/23 17:24:50.900, P0, Enabled, 42.44, 250.00, 250.00, 150.00, 250.00, 38, 39, 1, 40960, 40445, 210, 1215
2026/03/23 17:24:51.900, P0, Enabled, 42.42, 250.00, 250.00, 150.00, 250.00, 38, 39, 1, 40960, 40445, 210, 1215
2026/03/23 17:24:52.901, P0, Enabled, 42.54, 250.00, 250.00, 150.00, 250.00, 38, 39, 1, 40960, 40445, 210, 1215
2026/03/23 17:24:53.902, P0, Enabled, 42.52, 250.00, 250.00, 150.00, 250.00, 38, 39, 1, 40960, 40445, 210, 1215
2026/03/23 17:24:54.902, P0, Enabled, 42.46, 250.00, 250.00, 150.00, 250.00, 38, 39, 1, 40960, 40445, 210, 1215
2026/03/23 17:24:55.903, P0, Enabled, 42.43, 250.00, 250.00, 150.00, 250.00, 38, 39, 1, 40960, 40445, 210, 1215
2026/03/23 17:24:56.904, P0, Enabled, 42.55, 250.00, 250.00, 150.00, 250.00, 38, 39, 1, 40960, 40445, 210, 1215
2026/03/23 17:24:57.905, P0, Enabled, 42.34, 250.00, 250.00, 150.00, 250.00, 38, 39, 1, 40960, 40445, 210, 1215
2026/03/23 17:24:58.905, P0, Enabled, 42.33, 250.00, 250.00, 150.00, 250.00, 38, 39, 1, 40960, 40445, 210, 1215
2026/03/23 17:24:59.906, P0, Enabled, 42.44, 250.00, 250.00, 150.00, 250.00, 38, 39, 1, 40960, 40445, 210, 1215
2026/03/23 17:25:00.907, P0, Enabled, 42.55, 250.00, 250.00, 150.00, 250.00, 38, 39, 1, 40960, 40445, 210, 1215
2026/03/23 17:25:01.908, P0, Enabled, 42.43, 250.00, 250.00, 150.00, 250.00, 38, 39, 1, 40960, 40445, 210, 1215
2026/03/23 17:25:02.908, P0, Enabled, 42.65, 250.00, 250.00, 150.00, 250.00, 38, 39, 1, 40960, 40445, 210, 1215
2026/03/23 17:25:03.909, P0, Enabled, 42.33, 250.00, 250.00, 150.00, 250.00, 38, 39, 1, 40960, 40445, 210, 1215
2026/03/23 17:25:04.910, P0, Enabled, 42.54, 250.00, 250.00, 150.00, 250.00, 38, 39, 1, 40960, 40445, 210, 1215
2026/03/23 17:25:05.910, P0, Enabled, 42.33, 250.00, 250.00, 150.00, 250.00, 38, 39, 1, 40960, 40445, 210, 1215
2026/03/23 17:25:06.911, P0, Enabled, 42.52, 250.00, 250.00, 150.00, 250.00, 38, 39, 1, 40960, 40445, 210, 1215
2026/03/23 17:25:07.912, P0, Enabled, 42.33, 250.00, 250.00, 150.00, 250.00, 38, 39, 1, 40960, 40445, 210, 1215
2026/03/23 17:25:08.913, P0, Enabled, 42.43, 250.00, 250.00, 150.00, 250.00, 38, 39, 1, 40960, 40445, 210, 1215
2026/03/23 17:25:09.913, P0, Enabled, 42.53, 250.00, 250.00, 150.00, 250.00, 38, 39, 1, 40960, 40445, 210, 1215
2026/03/23 17:25:10.914, P0, Enabled, 42.52, 250.00, 250.00, 150.00, 250.00, 38, 39, 1, 40960, 40445, 210, 1215
2026/03/23 17:25:11.915, P0, Enabled, 42.52, 250.00, 250.00, 150.00, 250.00, 38, 39, 1, 40960, 40445, 210, 1215
2026/03/23 17:25:12.916, P0, Enabled, 42.44, 250.00, 250.00, 150.00, 250.00, 38, 39, 1, 40960, 40445, 210, 1215
2026/03/23 17:25:13.916, P0, Enabled, 42.33, 250.00, 250.00, 150.00, 250.00, 38, 39, 1, 40960, 40445, 210, 1215
2026/03/23 17:25:14.917, P0, Enabled, 42.44, 250.00, 250.00, 150.00, 250.00, 38, 39, 1, 40960, 40445, 210, 1215
2026/03/23 17:25:15.918, P0, Enabled, 42.46, 250.00, 250.00, 150.00, 250.00, 38, 39, 1, 40960, 40445, 210, 1215
2026/03/23 17:25:16.918, P0, Enabled, 42.46, 250.00, 250.00, 150.00, 250.00, 38, 39, 1, 40960, 40445, 210, 1215
2026/03/23 17:25:17.919, P0, Enabled, 42.33, 250.00, 250.00, 150.00, 250.00, 38, 39, 1, 40960, 40445, 210, 1215
2026/03/23 17:25:18.920, P0, Enabled, 42.36, 250.00, 250.00, 150.00, 250.00, 38, 39, 1, 40960, 40445, 210, 1215
2026/03/23 17:25:19.921, P0, Enabled, 42.44, 250.00, 250.00, 150.00, 250.00, 38, 39, 1, 40960, 40445, 210, 1215
2026/03/23 17:25:20.922, P0, Enabled, 42.42, 250.00, 250.00, 150.00, 250.00, 38, 39, 1, 40960, 40445, 210, 1215
2026/03/23 17:25:21.922, P0, Enabled, 42.42, 250.00, 250.00, 150.00, 250.00, 38, 39, 1, 40960, 40445, 210, 1215
2026/03/23 17:25:22.923, P0, Enabled, 42.34, 250.00, 250.00, 150.00, 250.00, 38, 39, 1, 40960, 40445, 210, 1215
2026/03/23 17:25:23.924, P0, Enabled, 42.44, 250.00, 250.00, 150.00, 250.00, 38, 39, 1, 40960, 40445, 210, 1215
2026/03/23 17:25:24.924, P0, Enabled, 42.34, 250.00, 250.00, 150.00, 250.00, 38, 39, 1, 40960, 40445, 210, 1215
2026/03/23 17:25:25.925, P0, Enabled, 42.43, 250.00, 250.00, 150.00, 250.00, 38, 39, 1, 40960, 40445, 210, 1215
2026/03/23 17:25:26.926, P0, Enabled, 42.34, 250.00, 250.00, 150.00, 250.00, 38, 39, 1, 40960, 40445, 210, 1215
2026/03/23 17:25:27.926, P0, Enabled, 42.39, 250.00, 250.00, 150.00, 250.00, 38, 39, 1, 40960, 40445, 210, 1215
2026/03/23 17:25:28.927, P0, Enabled, 42.43, 250.00, 250.00, 150.00, 250.00, 38, 39, 1, 40960, 40445, 210, 1215
2026/03/23 17:25:29.928, P0, Enabled, 42.63, 250.00, 250.00, 150.00, 250.00, 38, 39, 1, 40960, 40445, 210, 1215
2026/03/23 17:25:30.929, P0, Enabled, 42.52, 250.00, 250.00, 150.00, 250.00, 38, 39, 1, 40960, 40445, 210, 1215
2026/03/23 17:25:31.929, P0, Enabled, 42.44, 250.00, 250.00, 150.00, 250.00, 38, 39, 1, 40960, 40445, 210, 1215
2026/03/23 17:25:32.930, P0, Enabled, 42.44, 250.00, 250.00, 150.00, 250.00, 38, 39, 1, 40960, 40445, 210, 1215
2026/03/23 17:25:33.931, P0, Enabled, 42.63, 250.00, 250.00, 150.00, 250.00, 38, 39, 1, 40960, 40445, 210, 1215
2026/03/23 17:25:34.932, P0, Enabled, 42.44, 250.00, 250.00, 150.00, 250.00, 38, 39, 1, 40960, 40445, 210, 1215
2026/03/23 17:25:35.932, P0, Enabled, 42.36, 250.00, 250.00, 150.00, 250.00, 38, 39, 1, 40960, 40445, 210, 1215
2026/03/23 17:25:36.933, P0, Enabled, 42.46, 250.00, 250.00, 150.00, 250.00, 38, 39, 1, 40960, 40445, 210, 1215
2026/03/23 17:25:37.934, P0, Enabled, 42.44, 250.00, 250.00, 150.00, 250.00, 38, 39, 1, 40960, 40445, 210, 1215
2026/03/23 17:25:38.935, P0, Enabled, 42.44, 250.00, 250.00, 150.00, 250.00, 38, 39, 1, 40960, 40445, 210, 1215
2026/03/23 17:25:39.935, P0, Enabled, 42.33, 250.00, 250.00, 150.00, 250.00, 38, 39, 1, 40960, 40445, 210, 1215
2026/03/23 17:25:40.936, P0, Enabled, 42.33, 250.00, 250.00, 150.00, 250.00, 38, 39, 1, 40960, 40445, 210, 1215
2026/03/23 17:25:41.937, P0, Enabled, 42.44, 250.00, 250.00, 150.00, 250.00, 38, 39, 1, 40960, 40445, 210, 1215
2026/03/23 17:25:42.938, P0, Enabled, 42.44, 250.00, 250.00, 150.00, 250.00, 38, 39, 1, 40960, 40445, 210, 1215
2026/03/23 17:25:43.938, P0, Enabled, 42.44, 250.00, 250.00, 150.00, 250.00, 38, 39, 1, 40960, 40445, 210, 1215
2026/03/23 17:25:44.939, P0, Enabled, 42.53, 250.00, 250.00, 150.00, 250.00, 38, 39, 1, 40960, 40445, 210, 1215
2026/03/23 17:25:45.940, P0, Enabled, 42.46, 250.00, 250.00, 150.00, 250.00, 38, 39, 1, 40960, 40445, 210, 1215
2026/03/23 17:25:46.940, P0, Enabled, 42.55, 250.00, 250.00, 150.00, 250.00, 38, 39, 1, 40960, 40445, 210, 1215
2026/03/23 17:25:47.941, P0, Enabled, 42.44, 250.00, 250.00, 150.00, 250.00, 38, 39, 1, 40960, 40445, 210, 1215
2026/03/23 17:25:48.942, P0, Enabled, 42.34, 250.00, 250.00, 150.00, 250.00, 38, 39, 1, 40960, 40445, 210, 1215
2026/03/23 17:25:49.942, P0, Enabled, 42.24, 250.00, 250.00, 150.00, 250.00, 38, 39, 1, 40960, 40445, 210, 1215
2026/03/23 17:25:50.943, P0, Enabled, 42.44, 250.00, 250.00, 150.00, 250.00, 38, 39, 1, 40960, 40445, 210, 1215
2026/03/23 17:25:51.944, P0, Enabled, 42.44, 250.00, 250.00, 150.00, 250.00, 38, 39, 1, 40960, 40445, 210, 1215
2026/03/23 17:25:52.945, P0, Enabled, 42.54, 250.00, 250.00, 150.00, 250.00, 38, 39, 1, 40960, 40445, 210, 1215
2026/03/23 17:25:53.945, P0, Enabled, 42.43, 250.00, 250.00, 150.00, 250.00, 38, 39, 1, 40960, 40445, 210, 1215
2026/03/23 17:25:54.946, P0, Enabled, 42.55, 250.00, 250.00, 150.00, 250.00, 38, 39, 1, 40960, 40445, 210, 1215
2026/03/23 17:25:55.947, P0, Enabled, 42.53, 250.00, 250.00, 150.00, 250.00, 38, 39, 1, 40960, 40445, 210, 1215
2026/03/23 17:25:56.947, P0, Enabled, 42.55, 250.00, 250.00, 150.00, 250.00, 38, 39, 1, 40960, 40445, 210, 1215
2026/03/23 17:25:57.948, P0, Enabled, 42.36, 250.00, 250.00, 150.00, 250.00, 38, 39, 1, 40960, 40445, 210, 1215
2026/03/23 17:25:58.949, P0, Enabled, 42.62, 250.00, 250.00, 150.00, 250.00, 38, 39, 1, 40960, 40445, 210, 1215
2026/03/23 17:25:59.950, P0, Enabled, 42.52, 250.00, 250.00, 150.00, 250.00, 38, 39, 1, 40960, 40445, 210, 1215
2026/03/23 17:26:00.950, P0, Enabled, 42.53, 250.00, 250.00, 150.00, 250.00, 38, 39, 1, 40960, 40445, 210, 1215
2026/03/23 17:26:01.951, P0, Enabled, 42.54, 250.00, 250.00, 150.00, 250.00, 38, 39, 1, 40960, 40445, 210, 1215
2026/03/23 17:26:02.952, P0, Enabled, 42.44, 250.00, 250.00, 150.00, 250.00, 38, 39, 1, 40960, 40445, 210, 1215
2026/03/23 17:26:03.952, P0, Enabled, 42.33, 250.00, 250.00, 150.00, 250.00, 38, 39, 1, 40960, 40445, 210, 1215
2026/03/23 17:26:04.953, P0, Enabled, 42.45, 250.00, 250.00, 150.00, 250.00, 38, 39, 1, 40960, 40445, 210, 1215
2026/03/23 17:26:05.954, P0, Enabled, 42.33, 250.00, 250.00, 150.00, 250.00, 38, 39, 1, 40960, 40445, 210, 1215
2026/03/23 17:26:06.955, P0, Enabled, 42.35, 250.00, 250.00, 150.00, 250.00, 38, 39, 1, 40960, 40445, 210, 1215
2026/03/23 17:26:07.955, P0, Enabled, 42.33, 250.00, 250.00, 150.00, 250.00, 38, 39, 1, 40960, 40445, 210, 1215
2026/03/23 17:26:08.956, P0, Enabled, 42.33, 250.00, 250.00, 150.00, 250.00, 38, 39, 1, 40960, 40445, 210, 1215
2026/03/23 17:26:09.957, P0, Enabled, 42.55, 250.00, 250.00, 150.00, 250.00, 38, 39, 1, 40960, 40445, 210, 1215
2026/03/23 17:26:10.958, P0, Enabled, 42.42, 250.00, 250.00, 150.00, 250.00, 38, 39, 1, 40960, 40445, 210, 1215
2026/03/23 17:26:11.958, P0, Enabled, 42.53, 250.00, 250.00, 150.00, 250.00, 38, 39, 1, 40960, 40445, 210, 1215
2026/03/23 17:26:12.959, P0, Enabled, 42.46, 250.00, 250.00, 150.00, 250.00, 38, 39, 1, 40960, 40445, 210, 1215
2026/03/23 17:26:13.960, P0, Enabled, 42.44, 250.00, 250.00, 150.00, 250.00, 38, 39, 1, 40960, 40445, 210, 1215
2026/03/23 17:26:14.960, P0, Enabled, 42.33, 250.00, 250.00, 150.00, 250.00, 38, 39, 1, 40960, 40445, 210, 1215
2026/03/23 17:26:15.961, P0, Enabled, 42.43, 250.00, 250.00, 150.00, 250.00, 38, 39, 1, 40960, 40445, 210, 1215
2026/03/23 17:26:16.962, P0, Enabled, 42.55, 250.00, 250.00, 150.00, 250.00, 38, 39, 1, 40960, 40445, 210, 1215
2026/03/23 17:26:17.962, P0, Enabled, 42.53, 250.00, 250.00, 150.00, 250.00, 38, 39, 1, 40960, 40445, 210, 1215
2026/03/23 17:26:18.963, P0, Enabled, 42.53, 250.00, 250.00, 150.00, 250.00, 38, 39, 1, 40960, 40445, 210, 1215
2026/03/23 17:26:19.964, P0, Enabled, 42.45, 250.00, 250.00, 150.00, 250.00, 38, 39, 1, 40960, 40445, 210, 1215
2026/03/23 17:26:20.965, P0, Enabled, 42.44, 250.00, 250.00, 150.00, 250.00, 38, 39, 1, 40960, 40445, 210, 1215
2026/03/23 17:26:21.965, P0, Enabled, 42.35, 250.00, 250.00, 150.00, 250.00, 38, 39, 1, 40960, 40445, 210, 1215
2026/03/23 17:26:22.966, P0, Enabled, 42.55, 250.00, 250.00, 150.00, 250.00, 38, 39, 1, 40960, 40445, 210, 1215
2026/03/23 17:26:23.967, P0, Enabled, 42.45, 250.00, 250.00, 150.00, 250.00, 38, 39, 1, 40960, 40445, 210, 1215
2026/03/23 17:26:24.967, P0, Enabled, 42.31, 250.00, 250.00, 150.00, 250.00, 38, 39, 1, 40960, 40445, 210, 1215
2026/03/23 17:26:25.968, P0, Enabled, 42.44, 250.00, 250.00, 150.00, 250.00, 38, 39, 1, 40960, 40445, 210, 1215
2026/03/23 17:26:26.969, P0, Enabled, 42.44, 250.00, 250.00, 150.00, 250.00, 38, 39, 1, 40960, 40445, 210, 1215
2026/03/23 17:26:27.969, P0, Enabled, 42.44, 250.00, 250.00, 150.00, 250.00, 38, 39, 1, 40960, 40445, 210, 1215
2026/03/23 17:26:28.970, P0, Enabled, 42.56, 250.00, 250.00, 150.00, 250.00, 38, 39, 1, 40960, 40445, 210, 1215
2026/03/23 17:26:29.971, P0, Enabled, 42.35, 250.00, 250.00, 150.00, 250.00, 38, 39, 1, 40960, 40445, 210, 1215
2026/03/23 17:26:30.972, P0, Enabled, 42.55, 250.00, 250.00, 150.00, 250.00, 38, 39, 1, 40960, 40445, 210, 1215
2026/03/23 17:26:31.972, P0, Enabled, 42.46, 250.00, 250.00, 150.00, 250.00, 38, 39, 1, 40960, 40445, 210, 1215
2026/03/23 17:26:32.973, P0, Enabled, 42.44, 250.00, 250.00, 150.00, 250.00, 38, 39, 1, 40960, 40445, 210, 1215
2026/03/23 17:26:33.974, P0, Enabled, 42.35, 250.00, 250.00, 150.00, 250.00, 38, 39, 1, 40960, 40445, 210, 1215
2026/03/23 17:26:34.975, P0, Enabled, 42.34, 250.00, 250.00, 150.00, 250.00, 38, 39, 1, 40960, 40445, 210, 1215
2026/03/23 17:26:35.975, P0, Enabled, 42.44, 250.00, 250.00, 150.00, 250.00, 38, 39, 1, 40960, 40445, 210, 1215
2026/03/23 17:26:36.976, P0, Enabled, 42.45, 250.00, 250.00, 150.00, 250.00, 38, 39, 1, 40960, 40445, 210, 1215
2026/03/23 17:26:37.977, P0, Enabled, 42.43, 250.00, 250.00, 150.00, 250.00, 38, 39, 1, 40960, 40445, 210, 1215
2026/03/23 17:26:38.978, P0, Enabled, 42.55, 250.00, 250.00, 150.00, 250.00, 38, 39, 1, 40960, 40445, 210, 1215
2026/03/23 17:26:39.978, P0, Enabled, 42.52, 250.00, 250.00, 150.00, 250.00, 38, 39, 1, 40960, 40445, 210, 1215
2026/03/23 17:26:40.979, P0, Enabled, 42.54, 250.00, 250.00, 150.00, 250.00, 38, 39, 1, 40960, 40445, 210, 1215
2026/03/23 17:26:41.983, P0, Enabled, 42.43, 250.00, 250.00, 150.00, 250.00, 38, 39, 1, 40960, 40445, 210, 1215
2026/03/23 17:26:42.984, P0, Enabled, 42.43, 250.00, 250.00, 150.00, 250.00, 38, 39, 1, 40960, 40445, 210, 1215
2026/03/23 17:26:43.984, P0, Enabled, 42.54, 250.00, 250.00, 150.00, 250.00, 38, 39, 1, 40960, 40445, 210, 1215
2026/03/23 17:26:44.985, P0, Enabled, 42.46, 250.00, 250.00, 150.00, 250.00, 38, 39, 1, 40960, 40445, 210, 1215
2026/03/23 17:26:45.986, P0, Enabled, 42.54, 250.00, 250.00, 150.00, 250.00, 38, 39, 1, 40960, 40445, 210, 1215
2026/03/23 17:26:46.987, P0, Enabled, 42.55, 250.00, 250.00, 150.00, 250.00, 38, 39, 1, 40960, 40445, 210, 1215
2026/03/23 17:26:47.987, P0, Enabled, 42.52, 250.00, 250.00, 150.00, 250.00, 38, 39, 1, 40960, 40445, 210, 1215
2026/03/23 17:26:48.988, P0, Enabled, 42.23, 250.00, 250.00, 150.00, 250.00, 38, 39, 1, 40960, 40445, 210, 1215
2026/03/23 17:26:49.989, P0, Enabled, 42.42, 250.00, 250.00, 150.00, 250.00, 38, 39, 1, 40960, 40445, 210, 1215
2026/03/23 17:26:50.989, P0, Enabled, 42.53, 250.00, 250.00, 150.00, 250.00, 38, 39, 1, 40960, 40445, 210, 1215
2026/03/23 17:26:51.990, P0, Enabled, 42.24, 250.00, 250.00, 150.00, 250.00, 38, 39, 1, 40960, 40445, 210, 1215
2026/03/23 17:26:52.991, P0, Enabled, 42.43, 250.00, 250.00, 150.00, 250.00, 38, 39, 1, 40960, 40445, 210, 1215
2026/03/23 17:26:53.992, P0, Enabled, 42.55, 250.00, 250.00, 150.00, 250.00, 38, 39, 1, 40960, 40445, 210, 1215
2026/03/23 17:26:54.992, P0, Enabled, 42.46, 250.00, 250.00, 150.00, 250.00, 38, 39, 1, 40960, 40445, 210, 1215
2026/03/23 17:26:55.993, P0, Enabled, 42.34, 250.00, 250.00, 150.00, 250.00, 38, 39, 1, 40960, 40445, 210, 1215
2026/03/23 17:26:56.994, P0, Enabled, 42.41, 250.00, 250.00, 150.00, 250.00, 38, 39, 1, 40960, 40445, 210, 1215
2026/03/23 17:26:57.995, P0, Enabled, 42.22, 250.00, 250.00, 150.00, 250.00, 38, 39, 1, 40960, 40445, 210, 1215
2026/03/23 17:26:58.995, P0, Enabled, 42.63, 250.00, 250.00, 150.00, 250.00, 38, 39, 1, 40960, 40445, 210, 1215
2026/03/23 17:26:59.996, P0, Enabled, 42.54, 250.00, 250.00, 150.00, 250.00, 38, 39, 1, 40960, 40445, 210, 1215
2026/03/23 17:27:00.997, P0, Enabled, 42.54, 250.00, 250.00, 150.00, 250.00, 38, 39, 1, 40960, 40445, 210, 1215
2026/03/23 17:27:01.998, P0, Enabled, 42.31, 250.00, 250.00, 150.00, 250.00, 38, 39, 1, 40960, 40445, 210, 1215
2026/03/23 17:27:02.998, P0, Enabled, 42.54, 250.00, 250.00, 150.00, 250.00, 38, 39, 1, 40960, 40445, 210, 1215
2026/03/23 17:27:03.999, P0, Enabled, 42.54, 250.00, 250.00, 150.00, 250.00, 38, 39, 1, 40960, 40445, 210, 1215
2026/03/23 17:27:05.000, P0, Enabled, 42.46, 250.00, 250.00, 150.00, 250.00, 38, 39, 1, 40960, 40445, 210, 1215
2026/03/23 17:27:06.000, P0, Enabled, 42.33, 250.00, 250.00, 150.00, 250.00, 38, 39, 1, 40960, 40445, 210, 1215
2026/03/23 17:27:07.001, P0, Enabled, 42.52, 250.00, 250.00, 150.00, 250.00, 38, 39, 1, 40960, 40445, 210, 1215
2026/03/23 17:27:08.002, P0, Enabled, 42.53, 250.00, 250.00, 150.00, 250.00, 38, 39, 1, 40960, 40445, 210, 1215
2026/03/23 17:27:09.003, P0, Enabled, 42.42, 250.00, 250.00, 150.00, 250.00, 38, 39, 1, 40960, 40445, 210, 1215
2026/03/23 17:27:10.003, P0, Enabled, 42.44, 250.00, 250.00, 150.00, 250.00, 38, 39, 1, 40960, 40445, 210, 1215
2026/03/23 17:27:11.004, P0, Enabled, 42.33, 250.00, 250.00, 150.00, 250.00, 38, 39, 1, 40960, 40445, 210, 1215
2026/03/23 17:27:12.004, P0, Enabled, 42.34, 250.00, 250.00, 150.00, 250.00, 38, 39, 1, 40960, 40445, 210, 1215
2026/03/23 17:27:13.005, P0, Enabled, 42.42, 250.00, 250.00, 150.00, 250.00, 38, 39, 1, 40960, 40445, 210, 1215
2026/03/23 17:27:14.006, P0, Enabled, 42.51, 250.00, 250.00, 150.00, 250.00, 38, 39, 1, 40960, 40445, 210, 1215
2026/03/23 17:27:15.007, P0, Enabled, 42.42, 250.00, 250.00, 150.00, 250.00, 38, 39, 1, 40960, 40445, 210, 1215
2026/03/23 17:27:16.007, P0, Enabled, 42.33, 250.00, 250.00, 150.00, 250.00, 38, 39, 1, 40960, 40445, 210, 1215
2026/03/23 17:27:17.008, P0, Enabled, 42.50, 250.00, 250.00, 150.00, 250.00, 38, 39, 1, 40960, 40445, 210, 1215
2026/03/23 17:27:18.009, P0, Enabled, 42.42, 250.00, 250.00, 150.00, 250.00, 38, 39, 1, 40960, 40445, 210, 1215
2026/03/23 17:27:19.010, P0, Enabled, 42.34, 250.00, 250.00, 150.00, 250.00, 38, 39, 1, 40960, 40445, 210, 1215
2026/03/23 17:27:20.010, P0, Enabled, 42.54, 250.00, 250.00, 150.00, 250.00, 38, 39, 1, 40960, 40445, 210, 1215
2026/03/23 17:27:21.011, P0, Enabled, 42.53, 250.00, 250.00, 150.00, 250.00, 38, 39, 1, 40960, 40445, 210, 1215
2026/03/23 17:27:22.012, P0, Enabled, 42.43, 250.00, 250.00, 150.00, 250.00, 38, 39, 1, 40960, 40445, 210, 1215
2026/03/23 17:27:23.013, P0, Enabled, 42.44, 250.00, 250.00, 150.00, 250.00, 38, 39, 1, 40960, 40445, 210, 1215
2026/03/23 17:27:24.013, P0, Enabled, 42.54, 250.00, 250.00, 150.00, 250.00, 38, 39, 1, 40960, 40445, 210, 1215
2026/03/23 17:27:25.014, P0, Enabled, 42.34, 250.00, 250.00, 150.00, 250.00, 38, 39, 1, 40960, 40445, 210, 1215
2026/03/23 17:27:26.015, P0, Enabled, 42.34, 250.00, 250.00, 150.00, 250.00, 38, 39, 1, 40960, 40445, 210, 1215
2026/03/23 17:27:27.015, P0, Enabled, 42.45, 250.00, 250.00, 150.00, 250.00, 38, 39, 1, 40960, 40445, 210, 1215
2026/03/23 17:27:28.016, P0, Enabled, 42.33, 250.00, 250.00, 150.00, 250.00, 38, 39, 1, 40960, 40445, 210, 1215
2026/03/23 17:27:29.017, P0, Enabled, 42.45, 250.00, 250.00, 150.00, 250.00, 38, 39, 1, 40960, 40445, 210, 1215
2026/03/23 17:27:30.017, P0, Enabled, 42.45, 250.00, 250.00, 150.00, 250.00, 38, 39, 1, 40960, 40445, 210, 1215
2026/03/23 17:27:31.018, P0, Enabled, 42.43, 250.00, 250.00, 150.00, 250.00, 38, 39, 1, 40960, 40445, 210, 1215
2026/03/23 17:27:32.019, P0, Enabled, 42.43, 250.00, 250.00, 150.00, 250.00, 38, 39, 1, 40960, 40445, 210, 1215
2026/03/23 17:27:33.020, P0, Enabled, 42.42, 250.00, 250.00, 150.00, 250.00, 38, 39, 1, 40960, 40445, 210, 1215
2026/03/23 17:27:34.020, P0, Enabled, 42.43, 250.00, 250.00, 150.00, 250.00, 38, 39, 1, 40960, 40445, 210, 1215
2026/03/23 17:27:35.021, P0, Enabled, 42.52, 250.00, 250.00, 150.00, 250.00, 38, 39, 1, 40960, 40445, 210, 1215
2026/03/23 17:27:36.022, P0, Enabled, 42.44, 250.00, 250.00, 150.00, 250.00, 38, 39, 1, 40960, 40445, 210, 1215
2026/03/23 17:27:37.023, P0, Enabled, 42.33, 250.00, 250.00, 150.00, 250.00, 38, 39, 1, 40960, 40445, 210, 1215
2026/03/23 17:27:38.023, P0, Enabled, 42.41, 250.00, 250.00, 150.00, 250.00, 38, 39, 1, 40960, 40445, 210, 1215
2026/03/23 17:27:39.024, P0, Enabled, 42.30, 250.00, 250.00, 150.00, 250.00, 38, 39, 1, 40960, 40445, 210, 1215
2026/03/23 17:27:40.025, P0, Enabled, 42.50, 250.00, 250.00, 150.00, 250.00, 38, 39, 1, 40960, 40445, 210, 1215
2026/03/23 17:27:41.026, P0, Enabled, 42.41, 250.00, 250.00, 150.00, 250.00, 38, 39, 1, 40960, 40445, 210, 1215
2026/03/23 17:27:42.026, P0, Enabled, 42.33, 250.00, 250.00, 150.00, 250.00, 38, 39, 1, 40960, 40445, 210, 1215
2026/03/23 17:27:43.027, P0, Enabled, 42.33, 250.00, 250.00, 150.00, 250.00, 38, 39, 1, 40960, 40445, 210, 1215
2026/03/23 17:27:44.028, P0, Enabled, 42.55, 250.00, 250.00, 150.00, 250.00, 38, 39, 1, 40960, 40445, 210, 1215
2026/03/23 17:27:45.028, P0, Enabled, 42.24, 250.00, 250.00, 150.00, 250.00, 38, 39, 1, 40960, 40445, 210, 1215
2026/03/23 17:27:46.029, P0, Enabled, 42.54, 250.00, 250.00, 150.00, 250.00, 38, 39, 1, 40960, 40445, 210, 1215
2026/03/23 17:27:47.030, P0, Enabled, 42.36, 250.00, 250.00, 150.00, 250.00, 38, 39, 1, 40960, 40445, 210, 1215
2026/03/23 17:27:48.031, P0, Enabled, 42.42, 250.00, 250.00, 150.00, 250.00, 38, 39, 1, 40960, 40445, 210, 1215
2026/03/23 17:27:49.031, P0, Enabled, 42.54, 250.00, 250.00, 150.00, 250.00, 38, 39, 1, 40960, 40445, 210, 1215
2026/03/23 17:27:50.032, P0, Enabled, 42.32, 250.00, 250.00, 150.00, 250.00, 38, 39, 1, 40960, 40445, 210, 1215
2026/03/23 17:27:51.033, P0, Enabled, 42.31, 250.00, 250.00, 150.00, 250.00, 38, 39, 1, 40960, 40445, 210, 1215
2026/03/23 17:27:52.033, P0, Enabled, 42.34, 250.00, 250.00, 150.00, 250.00, 38, 39, 1, 40960, 40445, 210, 1215
2026/03/23 17:27:53.034, P0, Enabled, 42.63, 250.00, 250.00, 150.00, 250.00, 38, 39, 1, 40960, 40445, 210, 1215
2026/03/23 17:27:54.035, P0, Enabled, 42.46, 250.00, 250.00, 150.00, 250.00, 38, 39, 1, 40960, 40445, 210, 1215
2026/03/23 17:27:55.036, P0, Enabled, 42.37, 250.00, 250.00, 150.00, 250.00, 38, 39, 1, 40960, 40445, 210, 1215
2026/03/23 17:27:56.036, P0, Enabled, 42.46, 250.00, 250.00, 150.00, 250.00, 38, 39, 1, 40960, 40445, 210, 1215
2026/03/23 17:27:57.037, P0, Enabled, 42.37, 250.00, 250.00, 150.00, 250.00, 38, 39, 1, 40960, 40445, 210, 1215
2026/03/23 17:27:58.038, P0, Enabled, 42.29, 250.00, 250.00, 150.00, 250.00, 38, 39, 1, 40960, 40445, 210, 1215
2026/03/23 17:27:59.038, P0, Enabled, 42.33, 250.00, 250.00, 150.00, 250.00, 38, 39, 1, 40960, 40445, 210, 1215
2026/03/23 17:28:00.039, P0, Enabled, 42.37, 250.00, 250.00, 150.00, 250.00, 38, 39, 1, 40960, 40445, 210, 1215
2026/03/23 17:28:01.040, P0, Enabled, 42.33, 250.00, 250.00, 150.00, 250.00, 38, 39, 1, 40960, 40445, 210, 1215
2026/03/23 17:28:02.041, P0, Enabled, 42.26, 250.00, 250.00, 150.00, 250.00, 38, 39, 1, 40960, 40445, 210, 1215
2026/03/23 17:28:03.041, P0, Enabled, 42.46, 250.00, 250.00, 150.00, 250.00, 38, 39, 1, 40960, 40445, 210, 1215
2026/03/23 17:28:04.042, P0, Enabled, 42.51, 250.00, 250.00, 150.00, 250.00, 38, 39, 1, 40960, 40445, 210, 1215
2026/03/23 17:28:05.043, P0, Enabled, 42.26, 250.00, 250.00, 150.00, 250.00, 38, 39, 1, 40960, 40445, 210, 1215
2026/03/23 17:28:06.044, P0, Enabled, 42.45, 250.00, 250.00, 150.00, 250.00, 38, 39, 1, 40960, 40445, 210, 1215
2026/03/23 17:28:07.044, P0, Enabled, 42.42, 250.00, 250.00, 150.00, 250.00, 38, 39, 1, 40960, 40445, 210, 1215
2026/03/23 17:28:08.045, P0, Enabled, 42.50, 250.00, 250.00, 150.00, 250.00, 38, 39, 1, 40960, 40445, 210, 1215
2026/03/23 17:28:09.046, P0, Enabled, 42.42, 250.00, 250.00, 150.00, 250.00, 38, 39, 1, 40960, 40445, 210, 1215
2026/03/23 17:28:10.047, P0, Enabled, 42.47, 250.00, 250.00, 150.00, 250.00, 38, 39, 1, 40960, 40445, 210, 1215
2026/03/23 17:28:11.047, P0, Enabled, 42.47, 250.00, 250.00, 150.00, 250.00, 38, 39, 1, 40960, 40445, 210, 1215
2026/03/23 17:28:12.048, P0, Enabled, 42.44, 250.00, 250.00, 150.00, 250.00, 38, 39, 1, 40960, 40445, 210, 1215
2026/03/23 17:28:13.049, P0, Enabled, 42.37, 250.00, 250.00, 150.00, 250.00, 38, 39, 1, 40960, 40445, 210, 1215
2026/03/23 17:28:14.050, P0, Enabled, 42.28, 250.00, 250.00, 150.00, 250.00, 38, 39, 1, 40960, 40445, 210, 1215
2026/03/23 17:28:15.050, P0, Enabled, 42.42, 250.00, 250.00, 150.00, 250.00, 38, 39, 1, 40960, 40445, 210, 1215
2026/03/23 17:28:16.051, P0, Enabled, 42.39, 250.00, 250.00, 150.00, 250.00, 38, 39, 1, 40960, 40445, 210, 1215
2026/03/23 17:28:17.052, P0, Enabled, 42.40, 250.00, 250.00, 150.00, 250.00, 38, 39, 1, 40960, 40445, 210, 1215
2026/03/23 17:28:18.053, P0, Enabled, 42.31, 250.00, 250.00, 150.00, 250.00, 38, 39, 1, 40960, 40445, 210, 1215
2026/03/23 17:28:19.053, P0, Enabled, 42.29, 250.00, 250.00, 150.00, 250.00, 38, 39, 1, 40960, 40445, 210, 1215
2026/03/23 17:28:20.054, P0, Enabled, 42.41, 250.00, 250.00, 150.00, 250.00, 38, 39, 1, 40960, 40445, 210, 1215
2026/03/23 17:28:21.055, P0, Enabled, 42.37, 250.00, 250.00, 150.00, 250.00, 38, 39, 1, 40960, 40445, 210, 1215
2026/03/23 17:28:22.055, P0, Enabled, 42.26, 250.00, 250.00, 150.00, 250.00, 38, 39, 1, 40960, 40445, 210, 1215
2026/03/23 17:28:23.056, P0, Enabled, 42.33, 250.00, 250.00, 150.00, 250.00, 38, 39, 1, 40960, 40445, 210, 1215
2026/03/23 17:28:24.057, P0, Enabled, 42.52, 250.00, 250.00, 150.00, 250.00, 38, 39, 1, 40960, 40445, 210, 1215
2026/03/23 17:28:25.058, P0, Enabled, 42.49, 250.00, 250.00, 150.00, 250.00, 38, 39, 1, 40960, 40445, 210, 1215
2026/03/23 17:28:26.058, P0, Enabled, 42.43, 250.00, 250.00, 150.00, 250.00, 38, 39, 1, 40960, 40445, 210, 1215
2026/03/23 17:28:27.059, P0, Enabled, 42.53, 250.00, 250.00, 150.00, 250.00, 38, 39, 1, 40960, 40445, 210, 1215
2026/03/23 17:28:28.060, P0, Enabled, 42.50, 250.00, 250.00, 150.00, 250.00, 38, 39, 1, 40960, 40445, 210, 1215
2026/03/23 17:28:29.061, P0, Enabled, 42.34, 250.00, 250.00, 150.00, 250.00, 38, 39, 1, 40960, 40445, 210, 1215
2026/03/23 17:28:30.061, P0, Enabled, 42.31, 250.00, 250.00, 150.00, 250.00, 38, 39, 1, 40960, 40445, 210, 1215
2026/03/23 17:28:31.062, P0, Enabled, 42.44, 250.00, 250.00, 150.00, 250.00, 38, 39, 1, 40960, 40445, 210, 1215
2026/03/23 17:28:32.063, P0, Enabled, 42.34, 250.00, 250.00, 150.00, 250.00, 38, 39, 1, 40960, 40445, 210, 1215
2026/03/23 17:28:33.064, P0, Enabled, 42.43, 250.00, 250.00, 150.00, 250.00, 38, 39, 1, 40960, 40445, 210, 1215
2026/03/23 17:28:34.064, P0, Enabled, 42.34, 250.00, 250.00, 150.00, 250.00, 38, 39, 1, 40960, 40445, 210, 1215
2026/03/23 17:28:35.065, P0, Enabled, 42.32, 250.00, 250.00, 150.00, 250.00, 38, 39, 1, 40960, 40445, 210, 1215
2026/03/23 17:28:36.066, P0, Enabled, 42.32, 250.00, 250.00, 150.00, 250.00, 38, 39, 1, 40960, 40445, 210, 1215
2026/03/23 17:28:37.067, P0, Enabled, 42.37, 250.00, 250.00, 150.00, 250.00, 38, 39, 1, 40960, 40445, 210, 1215
2026/03/23 17:28:38.068, P0, Enabled, 42.26, 250.00, 250.00, 150.00, 250.00, 38, 39, 1, 40960, 40445, 210, 1215
2026/03/23 17:28:39.068, P0, Enabled, 42.39, 250.00, 250.00, 150.00, 250.00, 38, 39, 1, 40960, 40445, 210, 1215
2026/03/23 17:28:40.069, P0, Enabled, 42.40, 250.00, 250.00, 150.00, 250.00, 38, 39, 1, 40960, 40445, 210, 1215
2026/03/23 17:28:41.070, P0, Enabled, 42.28, 250.00, 250.00, 150.00, 250.00, 38, 39, 1, 40960, 40445, 210, 1215
2026/03/23 17:28:42.071, P0, Enabled, 42.52, 250.00, 250.00, 150.00, 250.00, 38, 39, 1, 40960, 40445, 210, 1215
2026/03/23 17:28:43.071, P0, Enabled, 42.36, 250.00, 250.00, 150.00, 250.00, 38, 39, 1, 40960, 40445, 210, 1215
2026/03/23 17:28:44.072, P0, Enabled, 42.32, 250.00, 250.00, 150.00, 250.00, 38, 39, 1, 40960, 40445, 210, 1215
2026/03/23 17:28:45.073, P0, Enabled, 42.30, 250.00, 250.00, 150.00, 250.00, 38, 39, 1, 40960, 40445, 210, 1215
2026/03/23 17:28:46.073, P0, Enabled, 42.37, 250.00, 250.00, 150.00, 250.00, 38, 39, 1, 40960, 40445, 210, 1215
2026/03/23 17:28:47.074, P0, Enabled, 42.50, 250.00, 250.00, 150.00, 250.00, 38, 39, 1, 40960, 40445, 210, 1215
2026/03/23 17:28:48.075, P0, Enabled, 42.41, 250.00, 250.00, 150.00, 250.00, 38, 39, 1, 40960, 40445, 210, 1215
2026/03/23 17:28:49.076, P0, Enabled, 42.41, 250.00, 250.00, 150.00, 250.00, 38, 39, 1, 40960, 40445, 210, 1215
2026/03/23 17:28:50.076, P0, Enabled, 42.50, 250.00, 250.00, 150.00, 250.00, 38, 39, 1, 40960, 40445, 210, 1215
2026/03/23 17:28:51.077, P0, Enabled, 42.37, 250.00, 250.00, 150.00, 250.00, 38, 39, 1, 40960, 40445, 210, 1215
2026/03/23 17:28:52.078, P0, Enabled, 42.47, 250.00, 250.00, 150.00, 250.00, 38, 39, 1, 40960, 40445, 210, 1215
2026/03/23 17:28:53.078, P0, Enabled, 42.44, 250.00, 250.00, 150.00, 250.00, 38, 39, 1, 40960, 40445, 210, 1215
2026/03/23 17:28:54.079, P0, Enabled, 42.34, 250.00, 250.00, 150.00, 250.00, 38, 39, 1, 40960, 40445, 210, 1215
2026/03/23 17:28:55.080, P0, Enabled, 42.31, 250.00, 250.00, 150.00, 250.00, 38, 39, 1, 40960, 40445, 210, 1215
2026/03/23 17:28:56.081, P0, Enabled, 42.22, 250.00, 250.00, 150.00, 250.00, 38, 39, 1, 40960, 40445, 210, 1215
2026/03/23 17:28:57.081, P0, Enabled, 42.41, 250.00, 250.00, 150.00, 250.00, 38, 39, 1, 40960, 40445, 210, 1215
2026/03/23 17:28:58.082, P0, Enabled, 42.44, 250.00, 250.00, 150.00, 250.00, 38, 39, 1, 40960, 40445, 210, 1215
2026/03/23 17:28:59.083, P0, Enabled, 42.35, 250.00, 250.00, 150.00, 250.00, 38, 39, 1, 40960, 40445, 210, 1215
2026/03/23 17:29:00.084, P0, Enabled, 42.39, 250.00, 250.00, 150.00, 250.00, 38, 39, 1, 40960, 40445, 210, 1215
2026/03/23 17:29:01.084, P0, Enabled, 42.28, 250.00, 250.00, 150.00, 250.00, 38, 39, 1, 40960, 40445, 210, 1215
2026/03/23 17:29:02.085, P0, Enabled, 42.33, 250.00, 250.00, 150.00, 250.00, 38, 39, 1, 40960, 40445, 210, 1215
2026/03/23 17:29:03.086, P0, Enabled, 42.37, 250.00, 250.00, 150.00, 250.00, 38, 39, 1, 40960, 40445, 210, 1215
2026/03/23 17:29:04.086, P0, Enabled, 42.35, 250.00, 250.00, 150.00, 250.00, 38, 39, 1, 40960, 40445, 210, 1215
2026/03/23 17:29:05.087, P0, Enabled, 42.20, 250.00, 250.00, 150.00, 250.00, 38, 39, 1, 40960, 40445, 210, 1215
2026/03/23 17:29:06.088, P0, Enabled, 42.35, 250.00, 250.00, 150.00, 250.00, 38, 39, 1, 40960, 40445, 210, 1215
2026/03/23 17:29:07.089, P0, Enabled, 42.34, 250.00, 250.00, 150.00, 250.00, 38, 39, 1, 40960, 40445, 210, 1215
2026/03/23 17:29:08.089, P0, Enabled, 42.35, 250.00, 250.00, 150.00, 250.00, 38, 39, 1, 40960, 40445, 210, 1215
2026/03/23 17:29:09.090, P0, Enabled, 42.35, 250.00, 250.00, 150.00, 250.00, 38, 39, 1, 40960, 40445, 210, 1215
2026/03/23 17:29:10.091, P0, Enabled, 42.42, 250.00, 250.00, 150.00, 250.00, 38, 39, 1, 40960, 40445, 210, 1215
2026/03/23 17:29:11.091, P0, Enabled, 42.42, 250.00, 250.00, 150.00, 250.00, 38, 39, 1, 40960, 40445, 210, 1215
2026/03/23 17:29:12.092, P0, Enabled, 42.43, 250.00, 250.00, 150.00, 250.00, 38, 39, 1, 40960, 40445, 210, 1215
2026/03/23 17:29:13.093, P0, Enabled, 42.41, 250.00, 250.00, 150.00, 250.00, 38, 39, 1, 40960, 40445, 210, 1215
2026/03/23 17:29:14.094, P0, Enabled, 42.41, 250.00, 250.00, 150.00, 250.00, 38, 39, 1, 40960, 40445, 210, 1215
2026/03/23 17:29:15.094, P0, Enabled, 42.42, 250.00, 250.00, 150.00, 250.00, 38, 39, 1, 40960, 40445, 210, 1215
2026/03/23 17:29:16.095, P0, Enabled, 42.44, 250.00, 250.00, 150.00, 250.00, 38, 39, 1, 40960, 40445, 210, 1215
2026/03/23 17:29:17.096, P0, Enabled, 42.52, 250.00, 250.00, 150.00, 250.00, 38, 39, 1, 40960, 40445, 210, 1215
2026/03/23 17:29:18.097, P0, Enabled, 42.35, 250.00, 250.00, 150.00, 250.00, 38, 39, 1, 40960, 40445, 210, 1215
2026/03/23 17:29:19.097, P0, Enabled, 42.36, 250.00, 250.00, 150.00, 250.00, 38, 39, 1, 40960, 40445, 210, 1215
2026/03/23 17:29:20.098, P0, Enabled, 42.49, 250.00, 250.00, 150.00, 250.00, 38, 38, 1, 40960, 40445, 210, 1215
2026/03/23 17:29:21.099, P0, Enabled, 42.44, 250.00, 250.00, 150.00, 250.00, 38, 39, 1, 40960, 40445, 210, 1215
2026/03/23 17:29:22.100, P0, Enabled, 42.36, 250.00, 250.00, 150.00, 250.00, 38, 39, 1, 40960, 40445, 210, 1215
2026/03/23 17:29:23.100, P0, Enabled, 42.54, 250.00, 250.00, 150.00, 250.00, 38, 39, 1, 40960, 40445, 210, 1215
2026/03/23 17:29:24.101, P0, Enabled, 42.44, 250.00, 250.00, 150.00, 250.00, 38, 39, 1, 40960, 40445, 210, 1215
2026/03/23 17:29:25.102, P0, Enabled, 42.41, 250.00, 250.00, 150.00, 250.00, 38, 39, 1, 40960, 40445, 210, 1215
2026/03/23 17:29:26.103, P0, Enabled, 42.55, 250.00, 250.00, 150.00, 250.00, 38, 39, 1, 40960, 40445, 210, 1215
2026/03/23 17:29:27.103, P0, Enabled, 42.33, 250.00, 250.00, 150.00, 250.00, 38, 39, 1, 40960, 40445, 210, 1215
2026/03/23 17:29:28.104, P0, Enabled, 42.44, 250.00, 250.00, 150.00, 250.00, 38, 39, 1, 40960, 40445, 210, 1215
2026/03/23 17:29:29.105, P0, Enabled, 42.35, 250.00, 250.00, 150.00, 250.00, 38, 39, 1, 40960, 40445, 210, 1215
2026/03/23 17:29:30.106, P0, Enabled, 42.50, 250.00, 250.00, 150.00, 250.00, 38, 39, 1, 40960, 40445, 210, 1215
2026/03/23 17:29:31.106, P0, Enabled, 42.44, 250.00, 250.00, 150.00, 250.00, 38, 39, 1, 40960, 40445, 210, 1215
2026/03/23 17:29:32.107, P0, Enabled, 42.43, 250.00, 250.00, 150.00, 250.00, 38, 39, 1, 40960, 40445, 210, 1215
2026/03/23 17:29:33.108, P0, Enabled, 42.43, 250.00, 250.00, 150.00, 250.00, 38, 39, 1, 40960, 40445, 210, 1215
2026/03/23 17:29:34.108, P0, Enabled, 42.24, 250.00, 250.00, 150.00, 250.00, 38, 39, 1, 40960, 40445, 210, 1215
2026/03/23 17:29:35.109, P0, Enabled, 42.35, 250.00, 250.00, 150.00, 250.00, 38, 39, 1, 40960, 40445, 210, 1215
2026/03/23 17:29:36.110, P0, Enabled, 42.33, 250.00, 250.00, 150.00, 250.00, 38, 39, 1, 40960, 40445, 210, 1215
2026/03/23 17:29:37.111, P0, Enabled, 42.44, 250.00, 250.00, 150.00, 250.00, 38, 39, 1, 40960, 40445, 210, 1215
2026/03/23 17:29:38.111, P0, Enabled, 42.55, 250.00, 250.00, 150.00, 250.00, 38, 39, 1, 40960, 40445, 210, 1215
2026/03/23 17:29:39.112, P0, Enabled, 42.36, 250.00, 250.00, 150.00, 250.00, 38, 38, 1, 40960, 40445, 210, 1215
2026/03/23 17:29:40.113, P0, Enabled, 42.40, 250.00, 250.00, 150.00, 250.00, 38, 39, 1, 40960, 40445, 210, 1215
2026/03/23 17:29:41.113, P0, Enabled, 42.46, 250.00, 250.00, 150.00, 250.00, 38, 39, 1, 40960, 40445, 210, 1215
2026/03/23 17:29:42.114, P0, Enabled, 42.44, 250.00, 250.00, 150.00, 250.00, 38, 39, 1, 40960, 40445, 210, 1215
2026/03/23 17:29:43.115, P0, Enabled, 42.36, 250.00, 250.00, 150.00, 250.00, 38, 39, 1, 40960, 40445, 210, 1215
2026/03/23 17:29:44.116, P0, Enabled, 42.44, 250.00, 250.00, 150.00, 250.00, 38, 39, 1, 40960, 40445, 210, 1215
2026/03/23 17:29:45.116, P0, Enabled, 42.52, 250.00, 250.00, 150.00, 250.00, 38, 39, 1, 40960, 40445, 210, 1215
2026/03/23 17:29:46.117, P0, Enabled, 42.24, 250.00, 250.00, 150.00, 250.00, 38, 39, 1, 40960, 40445, 210, 1215
2026/03/23 17:29:47.118, P0, Enabled, 42.36, 250.00, 250.00, 150.00, 250.00, 38, 39, 1, 40960, 40445, 210, 1215
2026/03/23 17:29:48.119, P0, Enabled, 42.35, 250.00, 250.00, 150.00, 250.00, 38, 39, 1, 40960, 40445, 210, 1215
2026/03/23 17:29:49.119, P0, Enabled, 42.33, 250.00, 250.00, 150.00, 250.00, 38, 39, 1, 40960, 40445, 210, 1215
2026/03/23 17:29:50.120, P0, Enabled, 42.34, 250.00, 250.00, 150.00, 250.00, 38, 39, 1, 40960, 40445, 210, 1215
2026/03/23 17:29:51.121, P0, Enabled, 42.44, 250.00, 250.00, 150.00, 250.00, 38, 39, 1, 40960, 40445, 210, 1215
2026/03/23 17:29:52.122, P0, Enabled, 42.33, 250.00, 250.00, 150.00, 250.00, 38, 39, 1, 40960, 40445, 210, 1215
2026/03/23 17:29:53.122, P0, Enabled, 42.42, 250.00, 250.00, 150.00, 250.00, 38, 39, 1, 40960, 40445, 210, 1215
2026/03/23 17:29:54.123, P0, Enabled, 42.34, 250.00, 250.00, 150.00, 250.00, 38, 39, 1, 40960, 40445, 210, 1215
2026/03/23 17:29:55.124, P0, Enabled, 42.52, 250.00, 250.00, 150.00, 250.00, 38, 39, 1, 40960, 40445, 210, 1215
2026/03/23 17:29:56.124, P0, Enabled, 42.34, 250.00, 250.00, 150.00, 250.00, 38, 38, 1, 40960, 40445, 210, 1215
2026/03/23 17:29:57.125, P0, Enabled, 42.25, 250.00, 250.00, 150.00, 250.00, 38, 39, 1, 40960, 40445, 210, 1215
2026/03/23 17:29:58.126, P0, Enabled, 42.42, 250.00, 250.00, 150.00, 250.00, 38, 39, 1, 40960, 40445, 210, 1215
2026/03/23 17:29:59.126, P0, Enabled, 42.43, 250.00, 250.00, 150.00, 250.00, 38, 39, 1, 40960, 40445, 210, 1215
2026/03/23 17:30:00.127, P0, Enabled, 42.19, 250.00, 250.00, 150.00, 250.00, 38, 39, 1, 40960, 40445, 210, 1215
2026/03/23 17:30:01.128, P0, Enabled, 42.45, 250.00, 250.00, 150.00, 250.00, 38, 39, 1, 40960, 40445, 210, 1215
2026/03/23 17:30:02.129, P0, Enabled, 42.54, 250.00, 250.00, 150.00, 250.00, 38, 39, 1, 40960, 40445, 210, 1215
2026/03/23 17:30:03.129, P0, Enabled, 42.36, 250.00, 250.00, 150.00, 250.00, 38, 39, 1, 40960, 40445, 210, 1215
2026/03/23 17:30:04.130, P0, Enabled, 42.46, 250.00, 250.00, 150.00, 250.00, 38, 39, 1, 40960, 40445, 210, 1215
2026/03/23 17:30:05.131, P0, Enabled, 42.49, 250.00, 250.00, 150.00, 250.00, 38, 39, 1, 40960, 40445, 210, 1215
2026/03/23 17:30:06.132, P0, Enabled, 42.35, 250.00, 250.00, 150.00, 250.00, 38, 39, 1, 40960, 40445, 210, 1215
2026/03/23 17:30:07.132, P0, Enabled, 42.43, 250.00, 250.00, 150.00, 250.00, 38, 39, 1, 40960, 40445, 210, 1215
2026/03/23 17:30:08.133, P0, Enabled, 42.55, 250.00, 250.00, 150.00, 250.00, 38, 39, 1, 40960, 40445, 210, 1215
2026/03/23 17:30:09.134, P0, Enabled, 42.44, 250.00, 250.00, 150.00, 250.00, 38, 39, 1, 40960, 40445, 210, 1215
2026/03/23 17:30:10.135, P0, Enabled, 42.49, 250.00, 250.00, 150.00, 250.00, 38, 39, 1, 40960, 40445, 210, 1215
2026/03/23 17:30:11.135, P0, Enabled, 42.42, 250.00, 250.00, 150.00, 250.00, 38, 39, 1, 40960, 40445, 210, 1215
2026/03/23 17:30:12.136, P0, Enabled, 42.54, 250.00, 250.00, 150.00, 250.00, 38, 39, 1, 40960, 40445, 210, 1215
2026/03/23 17:30:13.137, P0, Enabled, 42.61, 250.00, 250.00, 150.00, 250.00, 38, 39, 1, 40960, 40445, 210, 1215
2026/03/23 17:30:14.137, P0, Enabled, 42.53, 250.00, 250.00, 150.00, 250.00, 38, 39, 1, 40960, 40445, 210, 1215
2026/03/23 17:30:15.138, P0, Enabled, 42.45, 250.00, 250.00, 150.00, 250.00, 38, 39, 1, 40960, 40445, 210, 1215
2026/03/23 17:30:16.139, P0, Enabled, 42.54, 250.00, 250.00, 150.00, 250.00, 38, 39, 1, 40960, 40445, 210, 1215
2026/03/23 17:30:17.140, P0, Enabled, 42.43, 250.00, 250.00, 150.00, 250.00, 38, 39, 1, 40960, 40445, 210, 1215
2026/03/23 17:30:18.140, P0, Enabled, 42.42, 250.00, 250.00, 150.00, 250.00, 38, 39, 1, 40960, 40445, 210, 1215
2026/03/23 17:30:19.141, P0, Enabled, 42.44, 250.00, 250.00, 150.00, 250.00, 38, 39, 1, 40960, 40445, 210, 1215
2026/03/23 17:30:20.142, P0, Enabled, 42.51, 250.00, 250.00, 150.00, 250.00, 38, 39, 1, 40960, 40445, 210, 1215
2026/03/23 17:30:21.143, P0, Enabled, 42.51, 250.00, 250.00, 150.00, 250.00, 38, 39, 1, 40960, 40445, 210, 1215
2026/03/23 17:30:22.143, P0, Enabled, 42.48, 250.00, 250.00, 150.00, 250.00, 38, 39, 1, 40960, 40445, 210, 1215
2026/03/23 17:30:23.144, P0, Enabled, 42.44, 250.00, 250.00, 150.00, 250.00, 38, 39, 1, 40960, 40445, 210, 1215
2026/03/23 17:30:24.145, P0, Enabled, 42.44, 250.00, 250.00, 150.00, 250.00, 38, 39, 1, 40960, 40445, 210, 1215
2026/03/23 17:30:25.146, P0, Enabled, 42.32, 250.00, 250.00, 150.00, 250.00, 38, 39, 1, 40960, 40445, 210, 1215
2026/03/23 17:30:26.146, P0, Enabled, 42.65, 250.00, 250.00, 150.00, 250.00, 38, 39, 1, 40960, 40445, 210, 1215
2026/03/23 17:30:27.147, P0, Enabled, 42.55, 250.00, 250.00, 150.00, 250.00, 38, 39, 1, 40960, 40445, 210, 1215
2026/03/23 17:30:28.148, P0, Enabled, 42.43, 250.00, 250.00, 150.00, 250.00, 38, 39, 1, 40960, 40445, 210, 1215
2026/03/23 17:30:29.149, P0, Enabled, 42.42, 250.00, 250.00, 150.00, 250.00, 38, 39, 1, 40960, 40445, 210, 1215
2026/03/23 17:30:30.149, P0, Enabled, 42.42, 250.00, 250.00, 150.00, 250.00, 38, 39, 1, 40960, 40445, 210, 1215
2026/03/23 17:30:31.150, P0, Enabled, 42.62, 250.00, 250.00, 150.00, 250.00, 38, 39, 1, 40960, 40445, 210, 1215
2026/03/23 17:30:32.151, P0, Enabled, 42.46, 250.00, 250.00, 150.00, 250.00, 38, 39, 1, 40960, 40445, 210, 1215
2026/03/23 17:30:33.152, P0, Enabled, 42.56, 250.00, 250.00, 150.00, 250.00, 38, 39, 1, 40960, 40445, 210, 1215
2026/03/23 17:30:34.153, P0, Enabled, 42.65, 250.00, 250.00, 150.00, 250.00, 38, 39, 1, 40960, 40445, 210, 1215
2026/03/23 17:30:35.153, P0, Enabled, 42.35, 250.00, 250.00, 150.00, 250.00, 38, 39, 1, 40960, 40445, 210, 1215
2026/03/23 17:30:36.154, P0, Enabled, 42.46, 250.00, 250.00, 150.00, 250.00, 38, 39, 1, 40960, 40445, 210, 1215
2026/03/23 17:30:37.155, P0, Enabled, 42.46, 250.00, 250.00, 150.00, 250.00, 38, 39, 1, 40960, 40445, 210, 1215
2026/03/23 17:30:38.155, P0, Enabled, 42.45, 250.00, 250.00, 150.00, 250.00, 38, 39, 1, 40960, 40445, 210, 1215
2026/03/23 17:30:39.156, P0, Enabled, 42.63, 250.00, 250.00, 150.00, 250.00, 38, 39, 1, 40960, 40445, 210, 1215
2026/03/23 17:30:40.157, P0, Enabled, 42.41, 250.00, 250.00, 150.00, 250.00, 38, 39, 1, 40960, 40445, 210, 1215
2026/03/23 17:30:41.157, P0, Enabled, 42.44, 250.00, 250.00, 150.00, 250.00, 38, 39, 1, 40960, 40445, 210, 1215
2026/03/23 17:30:42.158, P0, Enabled, 42.45, 250.00, 250.00, 150.00, 250.00, 38, 39, 1, 40960, 40445, 210, 1215
2026/03/23 17:30:43.159, P0, Enabled, 42.32, 250.00, 250.00, 150.00, 250.00, 38, 39, 1, 40960, 40445, 210, 1215
2026/03/23 17:30:44.160, P0, Enabled, 42.53, 250.00, 250.00, 150.00, 250.00, 38, 39, 1, 40960, 40445, 210, 1215
2026/03/23 17:30:45.161, P0, Enabled, 42.31, 250.00, 250.00, 150.00, 250.00, 38, 39, 1, 40960, 40445, 210, 1215
2026/03/23 17:30:46.161, P0, Enabled, 42.44, 250.00, 250.00, 150.00, 250.00, 38, 39, 1, 40960, 40445, 210, 1215
2026/03/23 17:30:47.162, P0, Enabled, 42.54, 250.00, 250.00, 150.00, 250.00, 38, 39, 1, 40960, 40445, 210, 1215
2026/03/23 17:30:48.163, P0, Enabled, 42.44, 250.00, 250.00, 150.00, 250.00, 38, 39, 1, 40960, 40445, 210, 1215
2026/03/23 17:30:49.164, P0, Enabled, 42.33, 250.00, 250.00, 150.00, 250.00, 38, 39, 1, 40960, 40445, 210, 1215
2026/03/23 17:30:50.165, P0, Enabled, 42.52, 250.00, 250.00, 150.00, 250.00, 38, 39, 1, 40960, 40445, 210, 1215
2026/03/23 17:30:51.166, P0, Enabled, 42.43, 250.00, 250.00, 150.00, 250.00, 38, 39, 1, 40960, 40445, 210, 1215
2026/03/23 17:30:52.167, P0, Enabled, 42.52, 250.00, 250.00, 150.00, 250.00, 38, 39, 1, 40960, 40445, 210, 1215
2026/03/23 17:30:53.167, P0, Enabled, 42.54, 250.00, 250.00, 150.00, 250.00, 38, 39, 1, 40960, 40445, 210, 1215
2026/03/23 17:30:54.168, P0, Enabled, 42.45, 250.00, 250.00, 150.00, 250.00, 38, 39, 1, 40960, 40445, 210, 1215
2026/03/23 17:30:55.169, P0, Enabled, 42.65, 250.00, 250.00, 150.00, 250.00, 38, 39, 1, 40960, 40445, 210, 1215
2026/03/23 17:30:56.169, P0, Enabled, 42.44, 250.00, 250.00, 150.00, 250.00, 38, 39, 1, 40960, 40445, 210, 1215
2026/03/23 17:30:57.170, P0, Enabled, 42.35, 250.00, 250.00, 150.00, 250.00, 38, 39, 1, 40960, 40445, 210, 1215
2026/03/23 17:30:58.171, P0, Enabled, 42.44, 250.00, 250.00, 150.00, 250.00, 38, 39, 1, 40960, 40445, 210, 1215
2026/03/23 17:30:59.172, P0, Enabled, 42.46, 250.00, 250.00, 150.00, 250.00, 38, 39, 1, 40960, 40445, 210, 1215
2026/03/23 17:31:00.173, P0, Enabled, 42.63, 250.00, 250.00, 150.00, 250.00, 38, 39, 1, 40960, 40445, 210, 1215
2026/03/23 17:31:01.173, P0, Enabled, 42.66, 250.00, 250.00, 150.00, 250.00, 38, 39, 1, 40960, 40445, 210, 1215
2026/03/23 17:31:02.174, P0, Enabled, 42.35, 250.00, 250.00, 150.00, 250.00, 38, 39, 1, 40960, 40445, 210, 1215
2026/03/23 17:31:03.175, P0, Enabled, 42.46, 250.00, 250.00, 150.00, 250.00, 38, 39, 1, 40960, 40445, 210, 1215
2026/03/23 17:31:04.176, P0, Enabled, 42.44, 250.00, 250.00, 150.00, 250.00, 38, 39, 1, 40960, 40445, 210, 1215
2026/03/23 17:31:05.176, P0, Enabled, 42.41, 250.00, 250.00, 150.00, 250.00, 38, 39, 1, 40960, 40445, 210, 1215
2026/03/23 17:31:06.177, P0, Enabled, 42.52, 250.00, 250.00, 150.00, 250.00, 38, 39, 1, 40960, 40445, 210, 1215
2026/03/23 17:31:07.178, P0, Enabled, 42.63, 250.00, 250.00, 150.00, 250.00, 38, 39, 1, 40960, 40445, 210, 1215
2026/03/23 17:31:08.179, P0, Enabled, 42.63, 250.00, 250.00, 150.00, 250.00, 38, 39, 1, 40960, 40445, 210, 1215
2026/03/23 17:31:09.179, P0, Enabled, 42.46, 250.00, 250.00, 150.00, 250.00, 38, 39, 1, 40960, 40445, 210, 1215
2026/03/23 17:31:10.180, P0, Enabled, 42.46, 250.00, 250.00, 150.00, 250.00, 38, 39, 1, 40960, 40445, 210, 1215
2026/03/23 17:31:11.181, P0, Enabled, 42.46, 250.00, 250.00, 150.00, 250.00, 38, 39, 1, 40960, 40445, 210, 1215
2026/03/23 17:31:12.182, P0, Enabled, 42.46, 250.00, 250.00, 150.00, 250.00, 38, 39, 1, 40960, 40445, 210, 1215
2026/03/23 17:31:13.182, P0, Enabled, 42.46, 250.00, 250.00, 150.00, 250.00, 38, 39, 1, 40960, 40445, 210, 1215
2026/03/23 17:31:14.183, P0, Enabled, 42.58, 250.00, 250.00, 150.00, 250.00, 38, 39, 1, 40960, 40445, 210, 1215
2026/03/23 17:31:15.184, P0, Enabled, 42.46, 250.00, 250.00, 150.00, 250.00, 38, 39, 1, 40960, 40445, 210, 1215
2026/03/23 17:31:16.185, P0, Enabled, 42.47, 250.00, 250.00, 150.00, 250.00, 38, 39, 1, 40960, 40445, 210, 1215
2026/03/23 17:31:17.185, P0, Enabled, 42.47, 250.00, 250.00, 150.00, 250.00, 38, 39, 1, 40960, 40445, 210, 1215
2026/03/23 17:31:18.186, P0, Enabled, 42.36, 250.00, 250.00, 150.00, 250.00, 38, 39, 1, 40960, 40445, 210, 1215
2026/03/23 17:31:19.187, P0, Enabled, 42.35, 250.00, 250.00, 150.00, 250.00, 38, 39, 1, 40960, 40445, 210, 1215
2026/03/23 17:31:20.187, P0, Enabled, 42.43, 250.00, 250.00, 150.00, 250.00, 38, 39, 1, 40960, 40445, 210, 1215
2026/03/23 17:31:21.188, P0, Enabled, 42.24, 250.00, 250.00, 150.00, 250.00, 38, 39, 1, 40960, 40445, 210, 1215
2026/03/23 17:31:22.189, P0, Enabled, 42.33, 250.00, 250.00, 150.00, 250.00, 38, 39, 1, 40960, 40445, 210, 1215
2026/03/23 17:31:23.189, P0, Enabled, 42.45, 250.00, 250.00, 150.00, 250.00, 38, 39, 1, 40960, 40445, 210, 1215
2026/03/23 17:31:24.190, P0, Enabled, 42.43, 250.00, 250.00, 150.00, 250.00, 38, 39, 1, 40960, 40445, 210, 1215
2026/03/23 17:31:25.191, P0, Enabled, 42.52, 250.00, 250.00, 150.00, 250.00, 38, 39, 1, 40960, 40445, 210, 1215
2026/03/23 17:31:26.192, P0, Enabled, 42.35, 250.00, 250.00, 150.00, 250.00, 38, 39, 1, 40960, 40445, 210, 1215
2026/03/23 17:31:27.192, P0, Enabled, 42.25, 250.00, 250.00, 150.00, 250.00, 38, 39, 1, 40960, 40445, 210, 1215
2026/03/23 17:31:28.193, P0, Enabled, 42.43, 250.00, 250.00, 150.00, 250.00, 38, 39, 1, 40960, 40445, 210, 1215
2026/03/23 17:31:29.194, P0, Enabled, 42.41, 250.00, 250.00, 150.00, 250.00, 38, 39, 1, 40960, 40445, 210, 1215
2026/03/23 17:31:30.194, P0, Enabled, 42.53, 250.00, 250.00, 150.00, 250.00, 38, 39, 1, 40960, 40445, 210, 1215
2026/03/23 17:31:31.195, P0, Enabled, 42.50, 250.00, 250.00, 150.00, 250.00, 38, 39, 1, 40960, 40445, 210, 1215
2026/03/23 17:31:32.196, P0, Enabled, 42.54, 250.00, 250.00, 150.00, 250.00, 38, 39, 1, 40960, 40445, 210, 1215
2026/03/23 17:31:33.197, P0, Enabled, 42.54, 250.00, 250.00, 150.00, 250.00, 38, 39, 1, 40960, 40445, 210, 1215
2026/03/23 17:31:34.197, P0, Enabled, 42.52, 250.00, 250.00, 150.00, 250.00, 38, 39, 1, 40960, 40445, 210, 1215
2026/03/23 17:31:35.198, P0, Enabled, 42.35, 250.00, 250.00, 150.00, 250.00, 38, 39, 1, 40960, 40445, 210, 1215
2026/03/23 17:31:36.199, P0, Enabled, 42.46, 250.00, 250.00, 150.00, 250.00, 38, 39, 1, 40960, 40445, 210, 1215
2026/03/23 17:31:37.200, P0, Enabled, 42.46, 250.00, 250.00, 150.00, 250.00, 38, 39, 1, 40960, 40445, 210, 1215
2026/03/23 17:31:38.200, P0, Enabled, 42.54, 250.00, 250.00, 150.00, 250.00, 38, 39, 1, 40960, 40445, 210, 1215
2026/03/23 17:31:39.201, P0, Enabled, 42.44, 250.00, 250.00, 150.00, 250.00, 38, 39, 1, 40960, 40445, 210, 1215
2026/03/23 17:31:40.202, P0, Enabled, 42.46, 250.00, 250.00, 150.00, 250.00, 38, 39, 1, 40960, 40445, 210, 1215
2026/03/23 17:31:41.203, P0, Enabled, 42.46, 250.00, 250.00, 150.00, 250.00, 38, 39, 1, 40960, 40445, 210, 1215
2026/03/23 17:31:42.203, P0, Enabled, 42.42, 250.00, 250.00, 150.00, 250.00, 38, 39, 1, 40960, 40445, 210, 1215
2026/03/23 17:31:43.204, P0, Enabled, 42.42, 250.00, 250.00, 150.00, 250.00, 38, 39, 1, 40960, 40445, 210, 1215
2026/03/23 17:31:44.205, P0, Enabled, 42.44, 250.00, 250.00, 150.00, 250.00, 38, 39, 1, 40960, 40445, 210, 1215
2026/03/23 17:31:45.205, P0, Enabled, 42.45, 250.00, 250.00, 150.00, 250.00, 38, 39, 1, 40960, 40445, 210, 1215
2026/03/23 17:31:46.206, P0, Enabled, 42.45, 250.00, 250.00, 150.00, 250.00, 38, 39, 1, 40960, 40445, 210, 1215
2026/03/23 17:31:47.207, P0, Enabled, 42.44, 250.00, 250.00, 150.00, 250.00, 38, 39, 1, 40960, 40445, 210, 1215
2026/03/23 17:31:48.208, P0, Enabled, 42.42, 250.00, 250.00, 150.00, 250.00, 38, 39, 1, 40960, 40445, 210, 1215
2026/03/23 17:31:49.208, P0, Enabled, 42.53, 250.00, 250.00, 150.00, 250.00, 38, 39, 1, 40960, 40445, 210, 1215
2026/03/23 17:31:50.209, P0, Enabled, 42.44, 250.00, 250.00, 150.00, 250.00, 38, 39, 1, 40960, 40445, 210, 1215
2026/03/23 17:31:51.210, P0, Enabled, 42.33, 250.00, 250.00, 150.00, 250.00, 38, 39, 1, 40960, 40445, 210, 1215
2026/03/23 17:31:52.211, P0, Enabled, 42.34, 250.00, 250.00, 150.00, 250.00, 38, 39, 1, 40960, 40445, 210, 1215
2026/03/23 17:31:53.211, P0, Enabled, 42.55, 250.00, 250.00, 150.00, 250.00, 38, 39, 1, 40960, 40445, 210, 1215
2026/03/23 17:31:54.212, P0, Enabled, 42.54, 250.00, 250.00, 150.00, 250.00, 38, 39, 1, 40960, 40445, 210, 1215
2026/03/23 17:31:55.213, P0, Enabled, 42.44, 250.00, 250.00, 150.00, 250.00, 38, 39, 1, 40960, 40445, 210, 1215
2026/03/23 17:31:56.214, P0, Enabled, 42.44, 250.00, 250.00, 150.00, 250.00, 38, 39, 1, 40960, 40445, 210, 1215
2026/03/23 17:31:57.214, P0, Enabled, 42.51, 250.00, 250.00, 150.00, 250.00, 38, 39, 1, 40960, 40445, 210, 1215
2026/03/23 17:31:58.215, P0, Enabled, 42.37, 250.00, 250.00, 150.00, 250.00, 38, 39, 1, 40960, 40445, 210, 1215
2026/03/23 17:31:59.216, P0, Enabled, 42.45, 250.00, 250.00, 150.00, 250.00, 38, 39, 1, 40960, 40445, 210, 1215
2026/03/23 17:32:00.216, P0, Enabled, 42.56, 250.00, 250.00, 150.00, 250.00, 38, 39, 1, 40960, 40445, 210, 1215
2026/03/23 17:32:01.217, P0, Enabled, 42.36, 250.00, 250.00, 150.00, 250.00, 38, 39, 1, 40960, 40445, 210, 1215
2026/03/23 17:32:02.218, P0, Enabled, 42.50, 250.00, 250.00, 150.00, 250.00, 38, 39, 1, 40960, 40445, 210, 1215
2026/03/23 17:32:03.219, P0, Enabled, 42.37, 250.00, 250.00, 150.00, 250.00, 38, 39, 1, 40960, 40445, 210, 1215
2026/03/23 17:32:04.219, P0, Enabled, 42.26, 250.00, 250.00, 150.00, 250.00, 38, 39, 1, 40960, 40445, 210, 1215
2026/03/23 17:32:05.220, P0, Enabled, 42.46, 250.00, 250.00, 150.00, 250.00, 38, 39, 1, 40960, 40445, 210, 1215
2026/03/23 17:32:06.221, P0, Enabled, 42.36, 250.00, 250.00, 150.00, 250.00, 38, 39, 1, 40960, 40445, 210, 1215
2026/03/23 17:32:07.222, P0, Enabled, 42.46, 250.00, 250.00, 150.00, 250.00, 38, 39, 1, 40960, 40445, 210, 1215
2026/03/23 17:32:08.222, P0, Enabled, 42.35, 250.00, 250.00, 150.00, 250.00, 38, 39, 1, 40960, 40445, 210, 1215
2026/03/23 17:32:09.223, P0, Enabled, 42.35, 250.00, 250.00, 150.00, 250.00, 38, 39, 1, 40960, 40445, 210, 1215
2026/03/23 17:32:10.224, P0, Enabled, 42.33, 250.00, 250.00, 150.00, 250.00, 38, 39, 1, 40960, 40445, 210, 1215
2026/03/23 17:32:11.224, P0, Enabled, 42.44, 250.00, 250.00, 150.00, 250.00, 38, 39, 1, 40960, 40445, 210, 1215
2026/03/23 17:32:12.225, P0, Enabled, 42.24, 250.00, 250.00, 150.00, 250.00, 38, 39, 1, 40960, 40445, 210, 1215
2026/03/23 17:32:13.226, P0, Enabled, 42.44, 250.00, 250.00, 150.00, 250.00, 38, 39, 1, 40960, 40445, 210, 1215
2026/03/23 17:32:14.227, P0, Enabled, 42.25, 250.00, 250.00, 150.00, 250.00, 38, 38, 1, 40960, 40445, 210, 1215
2026/03/23 17:32:15.227, P0, Enabled, 42.24, 250.00, 250.00, 150.00, 250.00, 38, 39, 1, 40960, 40445, 210, 1215
2026/03/23 17:32:16.229, P0, Enabled, 42.13, 250.00, 250.00, 150.00, 250.00, 38, 39, 1, 40960, 40445, 210, 1215
2026/03/23 17:32:17.229, P0, Enabled, 42.15, 250.00, 250.00, 150.00, 250.00, 38, 38, 1, 40960, 40445, 210, 1215
2026/03/23 17:32:18.230, P0, Enabled, 42.15, 250.00, 250.00, 150.00, 250.00, 38, 39, 1, 40960, 40445, 210, 1215
2026/03/23 17:32:19.231, P0, Enabled, 42.05, 250.00, 250.00, 150.00, 250.00, 38, 39, 1, 40960, 40445, 210, 1215
2026/03/23 17:32:20.232, P0, Enabled, 42.04, 250.00, 250.00, 150.00, 250.00, 37, 38, 1, 40960, 40445, 210, 1215
2026/03/23 17:32:21.234, P0, Enabled, 42.05, 250.00, 250.00, 150.00, 250.00, 37, 38, 1, 40960, 40445, 210, 1215
2026/03/23 17:32:22.234, P0, Enabled, 41.96, 250.00, 250.00, 150.00, 250.00, 37, 38, 1, 40960, 40445, 210, 1215
2026/03/23 17:32:23.235, P0, Enabled, 41.86, 250.00, 250.00, 150.00, 250.00, 37, 38, 1, 40960, 40445, 210, 1215
2026/03/23 17:32:24.236, P0, Enabled, 41.95, 250.00, 250.00, 150.00, 250.00, 37, 38, 1, 40960, 40445, 210, 1215
2026/03/23 17:32:25.236, P0, Enabled, 41.86, 250.00, 250.00, 150.00, 250.00, 37, 38, 1, 40960, 40445, 210, 1215
2026/03/23 17:32:26.237, P0, Enabled, 41.76, 250.00, 250.00, 150.00, 250.00, 37, 38, 1, 40960, 40445, 210, 1215
2026/03/23 17:32:27.238, P0, Enabled, 41.87, 250.00, 250.00, 150.00, 250.00, 37, 38, 1, 40960, 40445, 210, 1215
2026/03/23 17:32:28.239, P0, Enabled, 41.75, 250.00, 250.00, 150.00, 250.00, 37, 38, 1, 40960, 40445, 210, 1215
2026/03/23 17:32:29.239, P0, Enabled, 41.75, 250.00, 250.00, 150.00, 250.00, 37, 38, 1, 40960, 40445, 210, 1215
2026/03/23 17:32:30.242, P0, Enabled, 41.78, 250.00, 250.00, 150.00, 250.00, 37, 38, 1, 40960, 40445, 210, 1215
2026/03/23 17:32:31.242, P0, Enabled, 41.66, 250.00, 250.00, 150.00, 250.00, 37, 38, 1, 40960, 40445, 210, 1215
2026/03/23 17:32:32.243, P0, Enabled, 41.77, 250.00, 250.00, 150.00, 250.00, 37, 38, 1, 40960, 40445, 210, 1215
2026/03/23 17:32:33.244, P0, Enabled, 41.67, 250.00, 250.00, 150.00, 250.00, 37, 37, 1, 40960, 40445, 210, 1215
2026/03/23 17:32:34.244, P0, Enabled, 41.67, 250.00, 250.00, 150.00, 250.00, 36, 38, 1, 40960, 40445, 210, 1215
2026/03/23 17:32:35.245, P0, Enabled, 41.67, 250.00, 250.00, 150.00, 250.00, 36, 37, 1, 40960, 40445, 210, 1215
2026/03/23 17:32:36.246, P0, Enabled, 41.67, 250.00, 250.00, 150.00, 250.00, 36, 37, 1, 40960, 40445, 210, 1215
2026/03/23 17:32:37.247, P0, Enabled, 41.58, 250.00, 250.00, 150.00, 250.00, 36, 37, 1, 40960, 40445, 210, 1215
2026/03/23 17:32:38.248, P0, Enabled, 41.56, 250.00, 250.00, 150.00, 250.00, 36, 37, 1, 40960, 40445, 210, 1215
2026/03/23 17:32:39.248, P0, Enabled, 41.56, 250.00, 250.00, 150.00, 250.00, 36, 37, 1, 40960, 40445, 210, 1215
2026/03/23 17:32:40.249, P0, Enabled, 41.66, 250.00, 250.00, 150.00, 250.00, 36, 37, 1, 40960, 40445, 210, 1215
2026/03/23 17:32:41.250, P0, Enabled, 41.56, 250.00, 250.00, 150.00, 250.00, 36, 37, 1, 40960, 40445, 210, 1215
2026/03/23 17:32:42.251, P0, Enabled, 41.67, 250.00, 250.00, 150.00, 250.00, 36, 37, 1, 40960, 40445, 210, 1215
2026/03/23 17:32:43.254, P0, Enabled, 41.46, 250.00, 250.00, 150.00, 250.00, 36, 37, 1, 40960, 40445, 210, 1215
2026/03/23 17:32:44.255, P0, Enabled, 41.58, 250.00, 250.00, 150.00, 250.00, 36, 37, 1, 40960, 40445, 210, 1215
2026/03/23 17:32:45.255, P0, Enabled, 41.58, 250.00, 250.00, 150.00, 250.00, 36, 37, 1, 40960, 40445, 210, 1215
2026/03/23 17:32:46.256, P0, Enabled, 41.56, 250.00, 250.00, 150.00, 250.00, 36, 37, 1, 40960, 40445, 210, 1215
2026/03/23 17:32:47.257, P0, Enabled, 41.48, 250.00, 250.00, 150.00, 250.00, 36, 37, 1, 40960, 40445, 210, 1215
2026/03/23 17:32:48.257, P0, Enabled, 41.58, 250.00, 250.00, 150.00, 250.00, 36, 37, 1, 40960, 40445, 210, 1215
2026/03/23 17:32:49.258, P0, Enabled, 41.58, 250.00, 250.00, 150.00, 250.00, 36, 37, 1, 40960, 40445, 210, 1215
2026/03/23 17:32:50.259, P0, Enabled, 41.58, 250.00, 250.00, 150.00, 250.00, 36, 37, 1, 40960, 40445, 210, 1215
2026/03/23 17:32:51.259, P0, Enabled, 41.58, 250.00, 250.00, 150.00, 250.00, 36, 37, 1, 40960, 40445, 210, 1215
2026/03/23 17:32:52.260, P0, Enabled, 41.47, 250.00, 250.00, 150.00, 250.00, 36, 37, 1, 40960, 40445, 210, 1215
2026/03/23 17:32:53.261, P0, Enabled, 41.47, 250.00, 250.00, 150.00, 250.00, 36, 37, 1, 40960, 40445, 210, 1215
2026/03/23 17:32:54.261, P0, Enabled, 41.48, 250.00, 250.00, 150.00, 250.00, 36, 37, 1, 40960, 40445, 210, 1215
2026/03/23 17:32:55.262, P0, Enabled, 41.47, 250.00, 250.00, 150.00, 250.00, 36, 37, 1, 40960, 40445, 210, 1215
2026/03/23 17:32:56.263, P0, Enabled, 41.58, 250.00, 250.00, 150.00, 250.00, 36, 37, 1, 40960, 40445, 210, 1215
2026/03/23 17:32:57.264, P0, Enabled, 41.48, 250.00, 250.00, 150.00, 250.00, 36, 37, 1, 40960, 40445, 210, 1215
2026/03/23 17:32:58.264, P0, Enabled, 41.58, 250.00, 250.00, 150.00, 250.00, 36, 37, 1, 40960, 40445, 210, 1215
2026/03/23 17:32:59.265, P0, Enabled, 41.48, 250.00, 250.00, 150.00, 250.00, 36, 37, 1, 40960, 40445, 210, 1215
2026/03/23 17:33:00.266, P0, Enabled, 41.48, 250.00, 250.00, 150.00, 250.00, 36, 37, 1, 40960, 40445, 210, 1215
2026/03/23 17:33:01.267, P0, Enabled, 41.58, 250.00, 250.00, 150.00, 250.00, 36, 37, 1, 40960, 40445, 210, 1215
2026/03/23 17:33:02.267, P0, Enabled, 41.58, 250.00, 250.00, 150.00, 250.00, 36, 37, 1, 40960, 40445, 210, 1215
2026/03/23 17:33:03.268, P0, Enabled, 41.56, 250.00, 250.00, 150.00, 250.00, 36, 37, 1, 40960, 40445, 210, 1215
2026/03/23 17:33:04.269, P0, Enabled, 41.47, 250.00, 250.00, 150.00, 250.00, 36, 37, 1, 40960, 40445, 210, 1215
2026/03/23 17:33:05.269, P0, Enabled, 41.67, 250.00, 250.00, 150.00, 250.00, 36, 37, 1, 40960, 40445, 210, 1215
2026/03/23 17:33:06.270, P0, Enabled, 41.67, 250.00, 250.00, 150.00, 250.00, 36, 37, 1, 40960, 40445, 210, 1215
2026/03/23 17:33:07.271, P0, Enabled, 41.67, 250.00, 250.00, 150.00, 250.00, 36, 37, 1, 40960, 40445, 210, 1215
2026/03/23 17:33:08.272, P0, Enabled, 41.58, 250.00, 250.00, 150.00, 250.00, 36, 37, 1, 40960, 40445, 210, 1215
2026/03/23 17:33:09.272, P0, Enabled, 41.66, 250.00, 250.00, 150.00, 250.00, 36, 37, 1, 40960, 40445, 210, 1215
2026/03/23 17:33:10.273, P0, Enabled, 41.67, 250.00, 250.00, 150.00, 250.00, 36, 37, 1, 40960, 40445, 210, 1215
2026/03/23 17:33:11.274, P0, Enabled, 41.58, 250.00, 250.00, 150.00, 250.00, 36, 37, 1, 40960, 40445, 210, 1215
2026/03/23 17:33:12.275, P0, Enabled, 41.58, 250.00, 250.00, 150.00, 250.00, 36, 37, 1, 40960, 40445, 210, 1215
2026/03/23 17:33:13.275, P0, Enabled, 41.58, 250.00, 250.00, 150.00, 250.00, 36, 37, 1, 40960, 40445, 210, 1215
2026/03/23 17:33:14.276, P0, Enabled, 41.56, 250.00, 250.00, 150.00, 250.00, 36, 37, 4, 40960, 40441, 210, 1215
2026/03/23 17:33:15.277, P0, Enabled, 44.57, 250.00, 250.00, 150.00, 250.00, 37, 37, 423, 40960, 40022, 900, 1215
2026/03/23 17:33:16.277, P0, Enabled, 44.65, 250.00, 250.00, 150.00, 250.00, 37, 37, 661, 40960, 39784, 900, 1215
2026/03/23 17:33:17.278, P0, Enabled, 43.53, 250.00, 250.00, 150.00, 250.00, 37, 37, 661, 40960, 39784, 765, 1215
2026/03/23 17:33:18.278, P0, Enabled, 43.63, 250.00, 250.00, 150.00, 250.00, 37, 37, 661, 40960, 39784, 765, 1215
2026/03/23 17:33:19.279, P0, Enabled, 43.54, 250.00, 250.00, 150.00, 250.00, 37, 37, 661, 40960, 39784, 765, 1215
2026/03/23 17:33:20.280, P0, Enabled, 43.53, 250.00, 250.00, 150.00, 250.00, 37, 37, 661, 40960, 39784, 765, 1215
2026/03/23 17:33:21.280, P0, Enabled, 43.55, 250.00, 250.00, 150.00, 250.00, 37, 37, 661, 40960, 39784, 765, 1215
2026/03/23 17:33:22.281, P0, Enabled, 43.53, 250.00, 250.00, 150.00, 250.00, 37, 37, 661, 40960, 39784, 765, 1215
2026/03/23 17:33:23.282, P0, Enabled, 43.56, 250.00, 250.00, 150.00, 250.00, 37, 37, 661, 40960, 39784, 765, 1215
2026/03/23 17:33:24.282, P0, Enabled, 43.54, 250.00, 250.00, 150.00, 250.00, 37, 37, 661, 40960, 39784, 765, 1215
2026/03/23 17:33:25.283, P0, Enabled, 43.74, 250.00, 250.00, 150.00, 250.00, 37, 37, 661, 40960, 39784, 765, 1215
2026/03/23 17:33:26.284, P0, Enabled, 43.63, 250.00, 250.00, 150.00, 250.00, 37, 37, 661, 40960, 39784, 765, 1215
2026/03/23 17:33:27.284, P0, Enabled, 43.61, 250.00, 250.00, 150.00, 250.00, 37, 37, 661, 40960, 39784, 765, 1215
2026/03/23 17:33:28.285, P0, Enabled, 43.62, 250.00, 250.00, 150.00, 250.00, 37, 37, 661, 40960, 39784, 765, 1215
2026/03/23 17:33:29.286, P0, Enabled, 43.62, 250.00, 250.00, 150.00, 250.00, 37, 37, 661, 40960, 39784, 765, 1215
2026/03/23 17:33:30.287, P0, Enabled, 43.82, 250.00, 250.00, 150.00, 250.00, 37, 37, 661, 40960, 39784, 765, 1215
2026/03/23 17:33:31.287, P0, Enabled, 43.74, 250.00, 250.00, 150.00, 250.00, 37, 37, 661, 40960, 39784, 765, 1215
2026/03/23 17:33:32.288, P0, Enabled, 43.74, 250.00, 250.00, 150.00, 250.00, 37, 38, 661, 40960, 39784, 765, 1215
2026/03/23 17:33:33.289, P0, Enabled, 43.63, 250.00, 250.00, 150.00, 250.00, 37, 37, 661, 40960, 39784, 765, 1215
2026/03/23 17:33:34.289, P0, Enabled, 43.95, 250.00, 250.00, 150.00, 250.00, 37, 37, 661, 40960, 39784, 765, 1215
2026/03/23 17:33:35.290, P0, Enabled, 43.75, 250.00, 250.00, 150.00, 250.00, 37, 37, 661, 40960, 39784, 765, 1215
2026/03/23 17:33:36.291, P0, Enabled, 43.73, 250.00, 250.00, 150.00, 250.00, 37, 37, 661, 40960, 39784, 765, 1215
2026/03/23 17:33:37.291, P0, Enabled, 43.83, 250.00, 250.00, 150.00, 250.00, 37, 37, 661, 40960, 39784, 765, 1215
2026/03/23 17:33:38.292, P0, Enabled, 43.91, 250.00, 250.00, 150.00, 250.00, 37, 37, 661, 40960, 39784, 765, 1215
2026/03/23 17:33:39.293, P0, Enabled, 43.76, 250.00, 250.00, 150.00, 250.00, 37, 37, 661, 40960, 39784, 765, 1215
2026/03/23 17:33:40.293, P0, Enabled, 43.85, 250.00, 250.00, 150.00, 250.00, 37, 38, 661, 40960, 39784, 765, 1215
2026/03/23 17:33:41.294, P0, Enabled, 43.81, 250.00, 250.00, 150.00, 250.00, 37, 37, 661, 40960, 39784, 765, 1215
2026/03/23 17:33:42.295, P0, Enabled, 43.74, 250.00, 250.00, 150.00, 250.00, 37, 37, 661, 40960, 39784, 765, 1215
2026/03/23 17:33:43.295, P0, Enabled, 43.75, 250.00, 250.00, 150.00, 250.00, 37, 38, 661, 40960, 39784, 765, 1215
2026/03/23 17:33:44.296, P0, Enabled, 43.74, 250.00, 250.00, 150.00, 250.00, 37, 38, 661, 40960, 39784, 765, 1215
2026/03/23 17:33:45.297, P0, Enabled, 43.83, 250.00, 250.00, 150.00, 250.00, 37, 38, 661, 40960, 39784, 765, 1215
2026/03/23 17:33:46.298, P0, Enabled, 43.73, 250.00, 250.00, 150.00, 250.00, 37, 37, 661, 40960, 39784, 765, 1215
2026/03/23 17:33:47.300, P0, Enabled, 43.73, 250.00, 250.00, 150.00, 250.00, 37, 38, 661, 40960, 39784, 765, 1215
2026/03/23 17:33:48.302, P0, Enabled, 43.95, 250.00, 250.00, 150.00, 250.00, 37, 38, 661, 40960, 39784, 765, 1215
2026/03/23 17:33:49.303, P0, Enabled, 43.83, 250.00, 250.00, 150.00, 250.00, 37, 38, 661, 40960, 39784, 765, 1215
2026/03/23 17:33:50.303, P0, Enabled, 43.74, 250.00, 250.00, 150.00, 250.00, 37, 38, 661, 40960, 39784, 765, 1215
2026/03/23 17:33:51.304, P0, Enabled, 43.82, 250.00, 250.00, 150.00, 250.00, 37, 38, 661, 40960, 39784, 765, 1215
2026/03/23 17:33:52.305, P0, Enabled, 43.85, 250.00, 250.00, 150.00, 250.00, 37, 38, 661, 40960, 39784, 765, 1215
2026/03/23 17:33:53.305, P0, Enabled, 43.79, 250.00, 250.00, 150.00, 250.00, 37, 38, 661, 40960, 39784, 765, 1215
2026/03/23 17:33:54.306, P0, Enabled, 43.95, 250.00, 250.00, 150.00, 250.00, 37, 38, 661, 40960, 39784, 765, 1215
2026/03/23 17:33:55.307, P0, Enabled, 43.83, 250.00, 250.00, 150.00, 250.00, 37, 37, 661, 40960, 39784, 765, 1215
2026/03/23 17:33:56.307, P0, Enabled, 44.03, 250.00, 250.00, 150.00, 250.00, 37, 38, 661, 40960, 39784, 765, 1215
2026/03/23 17:33:57.308, P0, Enabled, 44.04, 250.00, 250.00, 150.00, 250.00, 37, 38, 661, 40960, 39784, 765, 1215
2026/03/23 17:33:58.308, P0, Enabled, 43.94, 250.00, 250.00, 150.00, 250.00, 37, 38, 661, 40960, 39784, 765, 1215
2026/03/23 17:33:59.309, P0, Enabled, 44.03, 250.00, 250.00, 150.00, 250.00, 37, 38, 661, 40960, 39784, 765, 1215
2026/03/23 17:34:00.310, P0, Enabled, 44.15, 250.00, 250.00, 150.00, 250.00, 37, 38, 661, 40960, 39784, 765, 1215
2026/03/23 17:34:01.310, P0, Enabled, 43.85, 250.00, 250.00, 150.00, 250.00, 37, 38, 661, 40960, 39784, 765, 1215
2026/03/23 17:34:02.311, P0, Enabled, 43.82, 250.00, 250.00, 150.00, 250.00, 37, 38, 661, 40960, 39784, 765, 1215
2026/03/23 17:34:03.312, P0, Enabled, 43.83, 250.00, 250.00, 150.00, 250.00, 37, 38, 661, 40960, 39784, 765, 1215
2026/03/23 17:34:04.312, P0, Enabled, 43.74, 250.00, 250.00, 150.00, 250.00, 37, 38, 661, 40960, 39784, 765, 1215
2026/03/23 17:34:05.313, P0, Enabled, 43.91, 250.00, 250.00, 150.00, 250.00, 37, 38, 661, 40960, 39784, 765, 1215
2026/03/23 17:34:06.314, P0, Enabled, 43.93, 250.00, 250.00, 150.00, 250.00, 37, 38, 661, 40960, 39784, 765, 1215
2026/03/23 17:34:07.315, P0, Enabled, 43.83, 250.00, 250.00, 150.00, 250.00, 37, 38, 661, 40960, 39784, 765, 1215
2026/03/23 17:34:08.315, P0, Enabled, 43.72, 250.00, 250.00, 150.00, 250.00, 37, 38, 661, 40960, 39784, 765, 1215
2026/03/23 17:34:09.316, P0, Enabled, 43.73, 250.00, 250.00, 150.00, 250.00, 37, 38, 661, 40960, 39784, 765, 1215
2026/03/23 17:34:10.317, P0, Enabled, 43.74, 250.00, 250.00, 150.00, 250.00, 37, 38, 661, 40960, 39784, 765, 1215
2026/03/23 17:34:11.317, P0, Enabled, 43.74, 250.00, 250.00, 150.00, 250.00, 37, 38, 661, 40960, 39784, 765, 1215
2026/03/23 17:34:12.318, P0, Enabled, 43.74, 250.00, 250.00, 150.00, 250.00, 37, 38, 661, 40960, 39784, 765, 1215
2026/03/23 17:34:13.319, P0, Enabled, 43.72, 250.00, 250.00, 150.00, 250.00, 37, 38, 661, 40960, 39784, 765, 1215
2026/03/23 17:34:14.320, P0, Enabled, 43.93, 250.00, 250.00, 150.00, 250.00, 37, 38, 661, 40960, 39784, 765, 1215
2026/03/23 17:34:15.320, P0, Enabled, 43.83, 250.00, 250.00, 150.00, 250.00, 37, 38, 661, 40960, 39784, 765, 1215
2026/03/23 17:34:16.321, P0, Enabled, 43.82, 250.00, 250.00, 150.00, 250.00, 37, 38, 661, 40960, 39784, 765, 1215
2026/03/23 17:34:17.322, P0, Enabled, 43.74, 250.00, 250.00, 150.00, 250.00, 37, 38, 661, 40960, 39784, 765, 1215
2026/03/23 17:34:18.322, P0, Enabled, 43.84, 250.00, 250.00, 150.00, 250.00, 37, 38, 661, 40960, 39784, 765, 1215
2026/03/23 17:34:19.323, P0, Enabled, 43.96, 250.00, 250.00, 150.00, 250.00, 37, 38, 661, 40960, 39784, 765, 1215
2026/03/23 17:34:20.324, P0, Enabled, 43.94, 250.00, 250.00, 150.00, 250.00, 37, 38, 661, 40960, 39784, 765, 1215
2026/03/23 17:34:21.324, P0, Enabled, 43.85, 250.00, 250.00, 150.00, 250.00, 37, 38, 661, 40960, 39784, 765, 1215
2026/03/23 17:34:22.325, P0, Enabled, 43.85, 250.00, 250.00, 150.00, 250.00, 37, 38, 661, 40960, 39784, 765, 1215
2026/03/23 17:34:23.326, P0, Enabled, 43.83, 250.00, 250.00, 150.00, 250.00, 37, 38, 661, 40960, 39784, 765, 1215
2026/03/23 17:34:24.326, P0, Enabled, 43.92, 250.00, 250.00, 150.00, 250.00, 37, 38, 661, 40960, 39784, 765, 1215
2026/03/23 17:34:25.327, P0, Enabled, 43.94, 250.00, 250.00, 150.00, 250.00, 37, 38, 661, 40960, 39784, 765, 1215
2026/03/23 17:34:26.328, P0, Enabled, 43.82, 250.00, 250.00, 150.00, 250.00, 37, 38, 661, 40960, 39784, 765, 1215
2026/03/23 17:34:27.329, P0, Enabled, 43.82, 250.00, 250.00, 150.00, 250.00, 37, 38, 661, 40960, 39784, 765, 1215
2026/03/23 17:34:28.329, P0, Enabled, 43.83, 250.00, 250.00, 150.00, 250.00, 37, 38, 661, 40960, 39784, 765, 1215
2026/03/23 17:34:29.330, P0, Enabled, 43.95, 250.00, 250.00, 150.00, 250.00, 37, 38, 661, 40960, 39784, 765, 1215
2026/03/23 17:34:30.331, P0, Enabled, 43.83, 250.00, 250.00, 150.00, 250.00, 37, 38, 661, 40960, 39784, 765, 1215
2026/03/23 17:34:31.331, P0, Enabled, 43.90, 250.00, 250.00, 150.00, 250.00, 37, 38, 661, 40960, 39784, 765, 1215
2026/03/23 17:34:32.332, P0, Enabled, 43.82, 250.00, 250.00, 150.00, 250.00, 37, 38, 661, 40960, 39784, 765, 1215
2026/03/23 17:34:33.333, P0, Enabled, 43.82, 250.00, 250.00, 150.00, 250.00, 37, 38, 661, 40960, 39784, 765, 1215
2026/03/23 17:34:34.333, P0, Enabled, 43.92, 250.00, 250.00, 150.00, 250.00, 37, 38, 661, 40960, 39784, 765, 1215
2026/03/23 17:34:35.334, P0, Enabled, 43.91, 250.00, 250.00, 150.00, 250.00, 37, 38, 661, 40960, 39784, 765, 1215
2026/03/23 17:34:36.334, P0, Enabled, 43.84, 250.00, 250.00, 150.00, 250.00, 37, 38, 661, 40960, 39784, 765, 1215
2026/03/23 17:34:37.335, P0, Enabled, 44.04, 250.00, 250.00, 150.00, 250.00, 37, 38, 661, 40960, 39784, 765, 1215
2026/03/23 17:34:38.336, P0, Enabled, 43.94, 250.00, 250.00, 150.00, 250.00, 37, 38, 661, 40960, 39784, 765, 1215
2026/03/23 17:34:39.336, P0, Enabled, 44.14, 250.00, 250.00, 150.00, 250.00, 37, 38, 661, 40960, 39784, 765, 1215
2026/03/23 17:34:40.337, P0, Enabled, 44.23, 250.00, 250.00, 150.00, 250.00, 37, 38, 661, 40960, 39784, 765, 1215
2026/03/23 17:34:41.338, P0, Enabled, 44.04, 250.00, 250.00, 150.00, 250.00, 37, 38, 661, 40960, 39784, 765, 1215
2026/03/23 17:34:42.339, P0, Enabled, 43.83, 250.00, 250.00, 150.00, 250.00, 37, 38, 661, 40960, 39784, 765, 1215
2026/03/23 17:34:43.339, P0, Enabled, 43.92, 250.00, 250.00, 150.00, 250.00, 37, 38, 661, 40960, 39784, 765, 1215
2026/03/23 17:34:44.340, P0, Enabled, 43.94, 250.00, 250.00, 150.00, 250.00, 37, 38, 661, 40960, 39784, 765, 1215
2026/03/23 17:34:45.341, P0, Enabled, 44.04, 250.00, 250.00, 150.00, 250.00, 37, 38, 661, 40960, 39784, 765, 1215
2026/03/23 17:34:46.341, P0, Enabled, 43.94, 250.00, 250.00, 150.00, 250.00, 37, 38, 661, 40960, 39784, 765, 1215
2026/03/23 17:34:47.342, P0, Enabled, 44.14, 250.00, 250.00, 150.00, 250.00, 37, 38, 661, 40960, 39784, 765, 1215
2026/03/23 17:34:48.342, P0, Enabled, 43.82, 250.00, 250.00, 150.00, 250.00, 37, 38, 661, 40960, 39784, 765, 1215
2026/03/23 17:34:49.343, P0, Enabled, 44.12, 250.00, 250.00, 150.00, 250.00, 37, 38, 661, 40960, 39784, 765, 1215
2026/03/23 17:34:50.344, P0, Enabled, 43.95, 250.00, 250.00, 150.00, 250.00, 37, 38, 661, 40960, 39784, 765, 1215
2026/03/23 17:34:51.345, P0, Enabled, 44.02, 250.00, 250.00, 150.00, 250.00, 37, 38, 661, 40960, 39784, 765, 1215
2026/03/23 17:34:52.346, P0, Enabled, 44.12, 250.00, 250.00, 150.00, 250.00, 37, 38, 661, 40960, 39784, 765, 1215
2026/03/23 17:34:53.346, P0, Enabled, 44.15, 250.00, 250.00, 150.00, 250.00, 37, 38, 661, 40960, 39784, 765, 1215
2026/03/23 17:34:54.347, P0, Enabled, 44.06, 250.00, 250.00, 150.00, 250.00, 37, 38, 661, 40960, 39784, 765, 1215
2026/03/23 17:34:55.348, P0, Enabled, 44.13, 250.00, 250.00, 150.00, 250.00, 37, 38, 661, 40960, 39784, 765, 1215
2026/03/23 17:34:56.348, P0, Enabled, 44.24, 250.00, 250.00, 150.00, 250.00, 37, 38, 661, 40960, 39784, 765, 1215
2026/03/23 17:34:57.349, P0, Enabled, 44.14, 250.00, 250.00, 150.00, 250.00, 38, 38, 661, 40960, 39784, 765, 1215
2026/03/23 17:34:58.350, P0, Enabled, 44.14, 250.00, 250.00, 150.00, 250.00, 38, 38, 661, 40960, 39784, 765, 1215
2026/03/23 17:34:59.351, P0, Enabled, 44.15, 250.00, 250.00, 150.00, 250.00, 38, 38, 661, 40960, 39784, 765, 1215
2026/03/23 17:35:00.351, P0, Enabled, 44.13, 250.00, 250.00, 150.00, 250.00, 38, 38, 661, 40960, 39784, 765, 1215
2026/03/23 17:35:01.352, P0, Enabled, 44.15, 250.00, 250.00, 150.00, 250.00, 38, 38, 661, 40960, 39784, 765, 1215
2026/03/23 17:35:02.352, P0, Enabled, 44.08, 250.00, 250.00, 150.00, 250.00, 38, 38, 661, 40960, 39784, 765, 1215
2026/03/23 17:35:03.353, P0, Enabled, 44.17, 250.00, 250.00, 150.00, 250.00, 38, 38, 661, 40960, 39784, 765, 1215
2026/03/23 17:35:04.354, P0, Enabled, 44.15, 250.00, 250.00, 150.00, 250.00, 38, 38, 661, 40960, 39784, 765, 1215
2026/03/23 17:35:05.355, P0, Enabled, 44.15, 250.00, 250.00, 150.00, 250.00, 38, 38, 661, 40960, 39784, 765, 1215
2026/03/23 17:35:06.355, P0, Enabled, 44.25, 250.00, 250.00, 150.00, 250.00, 38, 38, 661, 40960, 39784, 765, 1215
2026/03/23 17:35:07.356, P0, Enabled, 44.34, 250.00, 250.00, 150.00, 250.00, 38, 38, 661, 40960, 39784, 765, 1215
2026/03/23 17:35:08.357, P0, Enabled, 44.03, 250.00, 250.00, 150.00, 250.00, 38, 38, 661, 40960, 39784, 765, 1215
2026/03/23 17:35:09.357, P0, Enabled, 44.04, 250.00, 250.00, 150.00, 250.00, 38, 38, 661, 40960, 39784, 765, 1215
2026/03/23 17:35:10.358, P0, Enabled, 43.83, 250.00, 250.00, 150.00, 250.00, 38, 38, 661, 40960, 39784, 765, 1215
2026/03/23 17:35:11.359, P0, Enabled, 44.02, 250.00, 250.00, 150.00, 250.00, 38, 38, 661, 40960, 39784, 765, 1215
2026/03/23 17:35:12.359, P0, Enabled, 44.01, 250.00, 250.00, 150.00, 250.00, 38, 38, 661, 40960, 39784, 765, 1215
2026/03/23 17:35:13.360, P0, Enabled, 44.04, 250.00, 250.00, 150.00, 250.00, 38, 38, 661, 40960, 39784, 765, 1215
2026/03/23 17:35:14.361, P0, Enabled, 43.95, 250.00, 250.00, 150.00, 250.00, 38, 38, 661, 40960, 39784, 765, 1215
2026/03/23 17:35:15.361, P0, Enabled, 43.95, 250.00, 250.00, 150.00, 250.00, 38, 38, 661, 40960, 39784, 765, 1215
2026/03/23 17:35:16.362, P0, Enabled, 44.04, 250.00, 250.00, 150.00, 250.00, 38, 38, 661, 40960, 39784, 765, 1215
2026/03/23 17:35:17.363, P0, Enabled, 44.04, 250.00, 250.00, 150.00, 250.00, 38, 38, 661, 40960, 39784, 765, 1215
2026/03/23 17:35:18.364, P0, Enabled, 43.83, 250.00, 250.00, 150.00, 250.00, 38, 39, 661, 4